MEDIA_ID,MEDIA_NAME,CNT,TIME(2024/05/07 14:00:41.749),TIMETICK(f=10000000),FPOGX,FPOGY,FPOGS,FPOGD,FPOGID,FPOGV,BPOGX,BPOGY,BPOGV,CX,CY,CS,USER,LPCX,LPCY,LPD,LPS,LPV,RPCX,RPCY,RPD,RPS,RPV,BKID,BKDUR,BKPMIN,LPMM,LPMMV,RPMM,RPMMV,DIAL,DIALV,GSR,GSRV,HR,HRV,HRP,TTL0,TTL1,TTLV,PIXS,PIXV,AOI,SACCADE_MAG,SACCADE_DIR,VID_FRAME,
0,DESKTOP_A.png,1,0.01562,86926178761,0.37729,0.11703,0.00000,0.01563,1,1,0.36689,0.16190,1,0.37500,0.07315,3,,0.25833,0.42057,12.69415,1.03494,1,0.58755,0.47231,12.06798,1.03494,1,0,0.00000,20,3.59149,1,3.29575,1,0.00000,0,0,0,0,0,0,1,1,0,0.00000,0,,0.00000,0.00000,0,
0,DESKTOP_A.png,36,0.60742,86932093489,0.57929,0.31729,0.39355,0.21387,2,1,0.71669,0.45954,1,1.07917,0.40648,0,,0.27424,0.43335,11.48690,1.03494,1,0.60485,0.48462,10.53088,1.03494,1,0,0.00000,21,3.23499,1,3.02411,1,0.00000,0,0,0,0,0,0,1,1,0,0.00000,0,AOI 1-AOI 1,444.06885,330.85355,0,
0,DESKTOP_A.png,53,0.87305,86934749887,0.59877,0.47359,0.67383,0.19922,3,1,0.40936,0.47945,1,1.20312,0.49167,0,,0.26203,0.43369,10.50832,1.03494,1,0.59313,0.47972,11.27218,1.03494,1,0,0.00000,21,3.03081,1,3.15231,1,0.00000,0,0,0,0,0,0,1,1,0,0.00000,0,AOI 7-AOI 7,172.89784,282.49313,0,
0,DESKTOP_A.png,74,1.24805,86938501715,0.43420,0.32218,1.00195,0.24609,4,1,0.55399,0.39072,1,1.33750,0.48981,0,,0.27086,0.43091,10.18677,1.10736,1,0.60245,0.47906,10.82704,1.10736,1,0,0.00000,21,3.20559,1,3.10199,1,0.00000,0,0,0,0,0,0,1,1,0,0.00000,0,AOI 0-AOI 0,355.78018,152.63757,0,
0,DESKTOP_A.png,96,1.61035,86942116648,0.53568,0.31870,1.30078,0.30957,5,1,0.52334,0.30141,1,1.33750,0.48981,0,,0.26961,0.43724,11.06838,1.22277,1,0.60145,0.48473,11.18078,1.18052,1,0,0.00000,21,3.14709,1,3.27614,1,0.00000,0,0,0,0,0,0,1,1,0,0.00000,0,AOI 1-AOI 1,194.87785,1.10508,0,
0,DESKTOP_A.png,125,2.08594,86946880247,0.51526,0.37307,1.62598,0.45996,6,1,0.45483,0.25658,1,1.33750,0.48981,0,,0.27389,0.44018,11.39338,1.07115,1,0.60565,0.48825,12.33007,1.08925,1,0,0.00000,21,3.36753,1,3.57142,1,0.00000,0,0,0,0,0,0,1,1,0,0.00000,0,AOI 1-AOI 1,70.60549,236.26939,0,
0,DESKTOP_A.png,139,2.31641,86949179056,0.36319,0.35260,2.10254,0.21387,7,1,0.28465,0.32764,1,1.33750,0.48981,0,,0.27699,0.44336,11.44506,1.05304,1,0.60832,0.49297,11.99120,1.07115,1,0,0.00000,21,3.39878,1,3.43617,1,0.00000,0,0,0,0,0,0,1,1,0,0.00000,0,AOI 0-AOI 0,292.81018,175.66997,0,
0,DESKTOP_A.png,165,2.74316,86953450604,0.32900,0.35054,2.33301,0.41016,8,1,0.48216,0.40736,1,1.33750,0.48981,0,,0.27847,0.44478,10.28335,1.10736,1,0.61108,0.49053,10.49255,1.08925,1,0,0.00000,21,3.31468,1,3.46219,1,0.00000,0,0,0,0,0,0,1,1,0,0.00000,0,AOI 0-AOI 0,65.68246,178.05890,0,
0,DESKTOP_A.png,192,3.18652,86957886750,0.55614,0.46698,2.80859,0.37793,9,1,0.50100,0.40466,1,1.33750,0.48981,0,,0.27925,0.44145,11.52857,1.03494,1,0.61303,0.48708,10.97969,1.03494,1,0,0.00000,21,3.26528,1,3.51811,1,0.00000,0,0,0,0,0,0,1,1,0,0.00000,0,AOI 7-AOI 7,453.87805,343.91470,0,
0,DESKTOP_A.png,220,3.63281,86962348291,0.51283,0.44916,3.20312,0.42969,10,1,0.52022,0.46174,1,1.33750,0.48981,0,,0.28165,0.43778,11.00910,1.03494,1,0.61585,0.48311,10.75669,1.03494,1,0,0.00000,21,3.01135,1,3.09952,1,0.00000,0,0,0,0,0,0,1,1,0,0.00000,0,AOI 7-AOI 7,85.35323,166.96878,0,
0,DESKTOP_A.png,249,4.12305,86967252935,0.53741,0.46513,3.66309,0.45996,11,1,0.59439,0.61083,1,1.33750,0.48981,0,,0.29308,0.44210,8.60863,1.03494,1,0.62735,0.49033,8.75968,1.03494,1,0,0.00000,21,2.73631,1,2.48126,1,0.00000,0,0,0,0,0,0,1,1,0,0.00000,0,AOI 7-AOI 7,50.24655,339.92444,0,
0,DESKTOP_A.png,270,4.46875,86970700465,0.63152,0.61875,4.18945,0.27930,12,1,0.63320,0.38438,1,1.33750,0.48981,0,,0.30750,0.43225,10.60582,1.14580,1,0.64348,0.48252,11.25336,1.14580,1,0,0.00000,21,2.92683,1,2.94259,1,0.00000,0,0,0,0,0,0,1,1,0,0.00000,0,,245.30644,317.44202,0,
0,DESKTOP_A.png,286,4.73145,86973331448,0.51446,0.67950,4.53418,0.19727,13,1,0.44774,0.84697,1,1.33750,0.48981,0,,0.31581,0.43505,11.33222,1.08925,1,0.65299,0.48669,12.54633,1.07115,1,0,0.00000,21,3.42237,1,3.22136,1,0.00000,0,0,0,0,0,0,1,1,0,0.00000,0,AOI 3-AOI 3,234.13567,196.27345,0,
0,DESKTOP_A.png,300,4.94824,86975496921,0.36657,0.84021,4.74805,0.20020,14,1,0.29487,0.92571,1,1.33750,0.48981,0,,0.31922,0.43581,11.54774,1.11034,1,0.65567,0.48751,13.02494,1.11034,1,0,0.00000,21,3.31485,1,3.43024,1,0.00000,0,0,0,0,0,0,1,1,0,0.00000,0,,332.79483,211.43582,0,
0,DESKTOP_A.png,322,5.32227,86979243411,0.13734,0.92890,5.12500,0.19727,15,1,0.47573,0.46637,1,1.33750,0.48981,0,,0.32717,0.42472,9.63604,1.07264,1,0.66184,0.47662,10.08609,1.07264,1,0,0.00000,21,3.07520,1,3.21170,1,0.00000,0,0,0,0,0,0,1,1,0,0.00000,0,AOI 6-AOI 6,450.42404,192.27800,0,
0,DESKTOP_A.png,350,5.78223,86983842194,0.51219,0.49299,5.38867,0.39355,16,1,0.73288,0.51085,1,1.33750,0.48981,0,,0.32674,0.42410,10.32566,1.03494,1,0.66283,0.47461,8.97627,1.03494,1,0,0.00000,21,2.84688,1,2.72187,1,0.00000,0,0,0,0,0,0,1,1,0,0.00000,0,AOI 7-AOI 7,860.01270,33.18977,0,
0,DESKTOP_A.png,367,6.06152,86986635563,0.73399,0.49263,5.84863,0.21289,17,1,0.73979,0.15562,1,1.33750,0.48981,0,,0.32376,0.41610,12.98766,1.03494,1,0.66012,0.46551,11.33775,1.03494,1,0,0.00000,21,3.33023,1,3.27463,1,0.00000,0,0,0,0,0,0,1,1,0,0.00000,0,AOI 9-AOI 9,425.85626,0.05231,0,
0,DESKTOP_A.png,388,6.39258,86989939026,0.70730,0.17221,6.12793,0.26465,18,1,0.72036,0.15925,1,1.33750,0.48981,0,,0.32525,0.40824,11.22227,1.03494,1,0.66237,0.45835,11.31015,1.03494,1,0,0.00000,21,3.28523,1,3.46870,1,0.00000,0,0,0,0,0,0,1,1,0,0.00000,0,,349.82730,98.42336,0,
0,DESKTOP_A.png,407,6.70508,86993069322,0.57816,0.01005,6.47266,0.23242,19,1,0.49618,0.04315,1,1.33750,0.48981,0,,0.32154,0.40590,11.59558,1.02028,1,0.65841,0.45548,12.67826,1.02028,1,0,0.00000,21,3.55747,1,3.47692,1,0.00000,0,0,0,0,0,0,1,1,0,0.00000,0,AOI 5-AOI 5,303.56238,144.76544,0,
0,DESKTOP_A.png,423,6.96875,86995701963,0.43736,-0.06288,6.73535,0.23340,20,1,0.39686,-0.11363,1,1.33750,0.48981,0,,0.31784,0.40507,12.02220,1.10736,1,0.65511,0.45403,12.59502,1.10736,1,0,0.00000,21,3.25023,1,3.47671,1,0.00000,0,0,0,0,0,0,1,1,0,0.00000,0,,281.57654,163.75612,0,
0,DESKTOP_A.png,436,7.19531,86997972650,0.47781,0.20392,6.99805,0.19727,21,1,0.62596,0.56207,1,1.33750,0.48981,0,,0.32628,0.41902,12.16268,1.08925,1,0.66315,0.46744,10.52125,1.07115,1,0,0.00000,21,3.08232,1,3.14499,1,0.00000,0,0,0,0,0,0,1,1,0,0.00000,0,,298.42697,285.08456,0,
0,DESKTOP_A.png,454,7.49121,87000928854,0.60166,0.57494,7.26074,0.23047,22,1,0.54606,0.54981,1,1.33750,0.48981,0,,0.32291,0.41271,11.08143,1.07264,1,0.66192,0.46237,11.71706,1.07264,1,0,0.00000,21,3.10946,1,3.27245,1,0.00000,0,0,0,0,0,0,1,1,0,0.00000,0,AOI 3-AOI 3,465.94727,300.68655,0,
0,DESKTOP_A.png,467,7.70508,87003065131,0.66803,0.80400,7.50781,0.19727,23,1,0.77602,0.98842,1,1.33750,0.48981,0,,0.33251,0.42835,10.81604,1.08487,1,0.67055,0.47744,11.03958,1.11706,1,0,0.00000,21,3.02493,1,3.13768,1,0.00000,0,0,0,0,0,0,1,1,0,0.00000,0,,278.27637,297.25345,0,
0,DESKTOP_A.png,496,8.18164,87007829476,0.81855,0.96667,7.75293,0.42871,24,1,0.94438,0.94607,1,1.33750,0.48981,0,,0.34266,0.42454,11.62983,1.03494,1,0.68161,0.47587,12.55706,1.03494,1,0,0.00000,21,3.06205,1,3.25141,1,0.00000,0,0,0,0,0,0,1,1,0,0.00000,0,AOI 6-AOI 6,338.20810,328.70438,0,
0,DESKTOP_A.png,530,8.74316,87013447173,0.88375,0.98928,8.24707,0.49609,25,1,0.80621,1.00280,1,1.33750,0.48981,0,,0.33645,0.41409,12.56834,0.93463,1,0.67790,0.46340,13.27557,0.93463,1,0,0.00000,20,3.35271,1,3.64060,1,0.00000,0,0,0,0,0,0,1,1,0,0.00000,0,AOI 6-AOI 6,127.54346,348.96228,0,
0,DESKTOP_A.png,541,8.92090,87015221796,0.86616,0.96357,8.75684,0.16406,26,1,0.86010,0.90656,0,1.33750,0.48981,0,,0.33039,0.40300,8.99825,1.03494,0,0.67110,0.44995,7.50476,1.03494,0,0,0.00000,20,3.39835,0,3.45221,0,0.00000,0,0,0,0,0,0,1,1,0,0.00000,0,AOI 6-AOI 6,43.72188,140.57436,0,
0,DESKTOP_A.png,568,9.34961,87019508886,0.29817,0.38019,9.13379,0.21582,27,1,0.26578,0.65572,1,1.33750,0.48981,0,,0.31519,0.41359,10.11352,0.97630,1,0.65478,0.46006,11.84588,0.97630,1,0,0.00000,20,2.81326,1,3.14074,1,0.00000,0,0,0,0,0,0,1,1,0,0.00000,0,AOI 0-AOI 0,1259.46130,149.98320,0,
0,DESKTOP_A.png,576,9.49609,87020973904,0.23841,0.85635,9.42969,0.06641,28,1,0.18999,0.95603,1,1.33750,0.48981,0,,0.31251,0.42250,9.56676,0.91997,1,0.65138,0.46877,11.39669,0.91997,1,0,0.00000,20,2.60026,1,2.91197,1,0.00000,0,0,0,0,0,0,1,1,0,0.00000,0,,526.89758,257.42227,0,
0,DESKTOP_A.png,595,9.80762,87024092847,0.10951,0.98265,9.56152,0.24609,29,1,0.06116,0.93693,1,1.33750,0.48981,0,,0.30843,0.42498,11.66567,1.00562,1,0.64783,0.46978,11.16295,1.00562,1,0,0.00000,20,3.04885,1,2.96470,1,0.00000,0,0,0,0,0,0,1,1,0,0.00000,0,AOI 6-AOI 6,282.58862,208.86151,0,
0,DESKTOP_A.png,607,10.00488,87026065203,0.05841,0.93879,9.82422,0.18066,30,1,0.05395,0.91046,1,1.33750,0.48981,0,,0.30707,0.42299,11.78438,1.03494,1,0.64706,0.46761,10.70823,1.03494,1,0,0.00000,20,3.16989,1,2.86175,1,0.00000,0,0,0,0,0,0,1,1,0,0.00000,0,AOI 6-AOI 6,108.94843,154.22864,0,
1,ILLUM_14_03_24_A.png,5,0.08203,87027050214,0.05993,0.89082,0.00000,0.08203,1,1,0.07120,0.33429,1,1.33750,0.48981,0,,0.30888,0.40810,10.53523,1.00562,1,0.64635,0.45357,8.72123,1.00562,1,0,0.00000,20,3.28357,1,2.96860,1,0.00000,0,0,0,0,0,0,1,1,0,0.00000,0,,51.88975,86.77586,0,
1,ILLUM_14_03_24_A.png,22,0.36328,87029864008,0.24453,0.05037,0.14746,0.21582,2,1,0.48766,0.05348,1,1.33750,0.48981,0,,0.32425,0.39867,11.31941,1.03494,1,0.65053,0.44342,8.79751,1.03494,0,0,0.00000,20,3.37948,1,2.56457,0,0.00000,0,0,0,0,0,0,1,1,0,0.00000,0,,974.43109,68.67041,0,
1,ILLUM_14_03_24_A.png,41,0.68945,87033131797,0.42633,0.14056,0.44336,0.24609,3,1,0.37987,0.30256,1,1.33750,0.48981,0,,0.32311,0.39986,11.91580,0.99096,1,0.66197,0.44736,11.85051,0.99096,1,0,0.00000,20,2.98224,1,3.20401,1,0.00000,0,0,0,0,0,0,1,1,0,0.00000,0,AOI 19-AOI 19,362.39185,344.40808,0,
1,ILLUM_14_03_24_A.png,64,1.06738,87036907988,0.40813,0.14330,0.69336,0.37402,4,1,0.41500,0.11035,0,1.33750,0.48981,0,,0.32440,0.39909,11.87629,1.03494,0,0.66258,0.44509,12.64666,1.03494,0,958,0.00000,19,3.50514,0,3.42965,0,0.00000,0,0,0,0,0,0,1,1,0,0.00000,0,AOI 19-AOI 19,35.06911,184.84048,0,
1,ILLUM_14_03_24_A.png,101,1.67578,87042985810,0.47391,0.22760,1.33008,0.34570,5,1,0.46367,0.38607,1,1.33750,0.48981,0,,0.32346,0.40788,12.35298,0.96279,1,0.66269,0.45344,12.94955,0.97688,1,0,0.00000,20,3.59443,1,3.81178,1,0.00000,0,0,0,0,0,0,1,1,0,0.00000,0,AOI 19-AOI 19,155.69237,324.21335,0,
1,ILLUM_14_03_24_A.png,117,1.93848,87045615060,0.46383,0.24356,1.69141,0.24707,6,1,0.50018,0.18836,1,1.33750,0.48981,0,,0.32700,0.40942,12.67643,1.03838,1,0.66576,0.45568,12.81492,1.02028,1,0,0.00000,20,3.59122,1,3.64546,1,0.00000,0,0,0,0,0,0,1,1,0,0.00000,0,AOI 19-AOI 19,25.91661,221.68901,0,
1,ILLUM_14_03_24_A.png,141,2.33203,87049557177,0.48136,0.19672,1.95508,0.37695,7,1,0.44975,0.25974,1,1.33750,0.48981,0,,0.32468,0.41934,11.92031,1.03494,1,0.66283,0.46467,12.06814,1.03494,1,0,0.00000,19,3.51178,1,3.60692,1,0.00000,0,0,0,0,0,0,1,1,0,0.00000,0,AOI 19-AOI 19,60.76098,56.36266,0,
1,ILLUM_14_03_24_A.png,154,2.53125,87051543066,0.44459,0.43602,2.34863,0.18262,8,1,0.42267,0.58699,1,1.33750,0.48981,0,,0.32138,0.42720,10.86851,1.07264,1,0.65870,0.47278,12.24970,1.07264,1,0,0.00000,19,3.08188,1,3.14146,1,0.00000,0,0,0,0,0,0,1,1,0,0.00000,0,AOI 13-AOI 13,267.91309,254.72144,0,
1,ILLUM_14_03_24_A.png,179,2.95703,87055800623,0.37748,0.65809,2.61230,0.34473,9,1,0.43726,0.71575,1,1.33750,0.48981,0,,0.32248,0.42814,10.48508,1.03494,1,0.66008,0.47537,11.57730,1.03494,1,0,0.00000,19,3.26145,1,3.40636,1,0.00000,0,0,0,0,0,0,1,1,0,0.00000,0,AOI 16-AOI 16,272.25677,241.75317,0,
1,ILLUM_14_03_24_A.png,193,3.18652,87058100963,0.42036,0.59400,2.97363,0.21289,10,1,0.47377,0.30197,1,1.33750,0.48981,0,,0.32773,0.41828,11.67340,1.08925,1,0.66437,0.46505,11.85745,1.07115,1,0,0.00000,19,3.26873,1,3.61492,1,0.00000,0,0,0,0,0,0,1,1,0,0.00000,0,AOI 13-AOI 13,107.56015,40.05488,0,
1,ILLUM_14_03_24_A.png,210,3.46582,87060892940,0.42653,0.27575,3.25293,0.21289,11,1,0.36539,0.08370,1,1.33750,0.48981,0,,0.32232,0.41584,12.46311,1.09270,1,0.65944,0.45924,12.95373,1.07459,1,0,0.00000,18,3.29550,1,3.38522,1,0.00000,0,0,0,0,0,0,1,1,0,0.00000,0,AOI 13-AOI 13,343.91406,88.02600,0,
1,ILLUM_14_03_24_A.png,236,3.89355,87065164849,0.39488,0.20878,3.48242,0.41113,12,1,0.38269,0.17073,1,1.33750,0.48981,0,,0.32116,0.41124,12.65362,0.99096,1,0.65930,0.45577,12.85052,0.99096,1,0,0.00000,18,3.45737,1,3.45422,1,0.00000,0,0,0,0,0,0,1,1,0,0.00000,0,AOI 19-AOI 19,94.46709,130.03621,0,
1,ILLUM_14_03_24_A.png,247,4.07422,87066971563,0.39599,0.23006,3.91016,0.16406,13,1,0.39950,0.23792,0,1.33750,0.48981,0,,0.32102,0.41659,9.25601,0.97861,0,0.65931,0.45911,9.78332,0.97861,0,959,0.00000,18,2.99480,0,3.03121,0,0.00000,0,0,0,0,0,0,1,1,0,0.00000,0,AOI 19-AOI 19,23.08100,275.29807,0,
1,ILLUM_14_03_24_A.png,277,4.56738,87071901502,0.47050,0.42667,4.33691,0.23047,14,1,0.47563,0.23037,1,1.33750,0.48981,0,,0.32455,0.42325,12.09134,1.03494,1,0.66217,0.46375,12.34958,1.03494,1,0,0.00000,19,3.03456,1,3.37753,1,0.00000,0,0,0,0,0,0,1,1,0,0.00000,0,AOI 13-AOI 13,256.03455,303.96936,0,
1,ILLUM_14_03_24_A.png,315,5.17676,87077996754,0.47234,0.25670,4.61816,0.55859,15,1,0.44364,0.16166,1,1.33750,0.48981,0,,0.32666,0.42301,11.69382,1.08925,1,0.66453,0.46676,12.40481,1.10736,1,0,0.00000,19,3.37166,1,3.47697,1,0.00000,0,0,0,0,0,0,1,1,0,0.00000,0,AOI 19-AOI 19,183.60159,88.89748,0,
1,ILLUM_14_03_24_A.png,342,5.63477,87082581012,0.47745,0.25796,5.18750,0.44727,16,1,0.51718,0.31945,1,1.33750,0.48981,0,,0.32400,0.42268,11.58356,1.02028,1,0.66176,0.46707,11.89644,1.02028,1,0,0.00000,19,3.23956,1,3.58028,1,0.00000,0,0,0,0,0,0,1,1,0,0.00000,0,AOI 19-AOI 19,9.90520,352.10373,0,
1,ILLUM_14_03_24_A.png,364,5.99609,87086194316,0.50123,0.26023,5.65137,0.34473,17,1,0.57716,0.13831,1,1.33750,0.48981,0,,0.33132,0.41109,11.82362,1.18276,1,0.66778,0.46059,12.52377,1.18276,1,0,0.00000,18,3.46116,1,3.66975,1,0.00000,0,0,0,0,0,0,1,1,0,0.00000,0,AOI 19-AOI 19,45.72330,356.92642,0,
1,ILLUM_14_03_24_A.png,370,6.09473,87087180418,0.55153,0.20192,5.99805,0.09668,18,1,0.56098,0.20958,0,1.33750,0.48981,0,,0.33138,0.40361,7.18236,1.03494,0,0.66739,0.45981,11.60242,1.03494,0,0,0.00000,18,3.12255,0,3.67154,0,0.00000,0,0,0,0,0,0,1,1,0,0.00000,0,AOI 19-AOI 19,115.29422,33.10735,0,
1,ILLUM_14_03_24_A.png,399,6.55762,87091808368,0.53630,0.36994,6.35742,0.20020,19,1,0.45473,0.52745,1,1.33750,0.48981,0,,0.32730,0.40894,10.22932,1.08925,1,0.66069,0.46248,12.02216,1.10736,1,0,0.00000,19,3.36388,1,3.43561,1,0.00000,0,0,0,0,0,0,1,1,0,0.00000,0,AOI 13-AOI 13,183.80258,260.84576,0,
1,ILLUM_14_03_24_A.png,418,6.86816,87094917301,0.42647,0.54225,6.62305,0.24512,20,1,0.45341,0.62143,1,1.33750,0.48981,0,,0.32149,0.41677,10.79662,1.03494,1,0.65472,0.46840,11.12466,1.03494,1,0,0.00000,19,3.09850,1,3.12024,1,0.00000,0,0,0,0,0,0,1,1,0,0.00000,0,AOI 13-AOI 13,281.24533,221.42822,0,
1,ILLUM_14_03_24_A.png,436,7.17871,87098022127,0.43060,0.62076,6.94922,0.22949,21,1,0.57641,0.35366,1,1.33750,0.48981,0,,0.31634,0.40567,10.94020,1.03494,1,0.64895,0.45511,11.29504,1.03494,1,0,0.00000,19,3.19242,1,3.27971,1,0.00000,0,0,0,0,0,0,1,1,0,0.00000,0,AOI 13-AOI 13,85.16080,275.34268,0,
1,ILLUM_14_03_24_A.png,452,7.44141,87100650391,0.72359,0.30789,7.24512,0.19629,22,1,0.84078,0.26826,1,1.33750,0.48981,0,,0.32254,0.40984,12.15676,1.07115,1,0.65679,0.45821,12.73876,1.08925,1,0,0.00000,19,3.44901,1,3.54390,1,0.00000,0,0,0,0,0,0,1,1,0,0.00000,0,,656.22284,30.99184,0,
1,ILLUM_14_03_24_A.png,471,7.75391,87103772654,0.65946,0.22675,7.55664,0.19727,23,1,0.48887,0.14006,1,1.33750,0.48981,0,,0.30937,0.40211,12.10605,1.09149,1,0.64375,0.45087,13.00048,1.09149,1,0,0.00000,19,3.34390,1,3.57777,1,0.00000,0,0,0,0,0,0,1,1,0,0.00000,0,,151.12953,144.56059,0,
1,ILLUM_14_03_24_A.png,492,8.09863,87107222212,0.49926,0.06112,7.82031,0.27832,24,1,0.49439,0.03232,1,1.33750,0.48981,0,,0.30258,0.40396,12.19960,1.05379,1,0.63729,0.45088,12.59112,1.07189,1,0,0.00000,19,3.26095,1,3.51555,1,0.00000,0,0,0,0,0,0,1,1,0,0.00000,0,AOI 12-AOI 12,355.81750,149.81917,0,
1,ILLUM_14_03_24_A.png,506,8.32910,87109521842,0.48451,0.06312,8.11523,0.21387,25,1,0.49959,0.15680,1,1.33750,0.48981,0,,0.29925,0.40850,12.02444,1.09000,1,0.63442,0.45466,11.94925,1.07189,1,0,0.00000,18,3.19144,1,3.41745,1,0.00000,0,0,0,0,0,0,1,1,0,0.00000,0,AOI 12-AOI 12,28.40226,184.36159,0,
1,ILLUM_14_03_24_A.png,529,8.70703,87113302108,0.53249,0.01224,8.44434,0.26270,26,1,0.48811,-0.06354,1,1.33750,0.48981,0,,0.30438,0.40304,11.36790,1.12695,1,0.63929,0.44898,12.63935,1.10885,1,0,0.00000,18,3.36066,1,3.27903,1,0.00000,0,0,0,0,0,0,1,1,0,0.00000,0,,107.26576,30.81600,0,
1,ILLUM_14_03_24_A.png,544,8.95312,87115765486,0.44149,-0.05276,8.72363,0.22949,27,1,0.42340,-0.01034,1,1.33750,0.48981,0,,0.30481,0.40474,11.33124,1.00562,1,0.64023,0.45070,12.28430,1.00562,1,0,0.00000,18,3.46624,1,3.29475,1,0.00000,0,0,0,0,0,0,1,1,0,0.00000,0,,188.29538,158.11044,0,
1,ILLUM_14_03_24_A.png,559,9.20020,87118231129,0.48971,-0.02486,8.96973,0.23047,28,1,0.54219,0.01272,1,1.33750,0.48981,0,,0.30787,0.40669,12.05749,1.03494,1,0.64316,0.45196,11.86967,1.03494,1,0,0.00000,18,3.31147,1,3.33580,1,0.00000,0,0,0,0,0,0,1,1,0,0.00000,0,,97.36246,341.97192,0,
1,ILLUM_14_03_24_A.png,585,9.62695,87122500442,0.52548,-0.00008,9.21582,0.41113,29,1,0.47854,-0.03820,1,1.33750,0.48981,0,,0.31099,0.40299,11.31959,1.03494,1,0.64663,0.44975,12.25781,1.05304,1,0,0.00000,18,3.12828,1,3.23030,1,0.00000,0,0,0,0,0,0,1,1,0,0.00000,0,,73.70849,338.71027,0,
1,ILLUM_14_03_24_A.png,606,9.97168,87125950402,0.52009,-0.00616,9.62891,0.34277,30,1,0.54337,0.04023,1,1.33750,0.48981,0,,0.31411,0.40349,11.95462,1.05379,1,0.65029,0.44960,11.29240,1.05379,1,0,0.00000,18,3.30643,1,3.27746,1,0.00000,0,0,0,0,0,0,1,1,0,0.00000,0,,12.25625,147.60457,0,
7,TIMES_OF_MALTA_15_03_24_A.png,9,0.13184,87128090128,0.54291,-0.02084,0.00000,0.13183,2,1,0.56418,0.07279,0,1.33750,0.48981,0,,0.31567,0.40419,9.05457,1.03494,0,0.65053,0.45177,11.30588,1.03494,0,0,0.00000,18,2.60151,0,2.94110,0,0.00000,0,0,0,0,0,0,1,1,0,0.00000,0,,46.59472,19.89282,0,
7,TIMES_OF_MALTA_15_03_24_A.png,31,0.50977,87131864436,0.54219,0.02688,0.41113,0.09863,3,1,0.49856,0.05904,0,1.33750,0.48981,0,,0.31870,0.40359,6.33238,0.97861,0,0.65387,0.45086,7.95493,0.97861,0,0,0.00000,18,2.64900,0,3.17582,0,0.00000,0,0,0,0,0,0,1,1,0,0.00000,0,AOI 64-AOI 64,51.55613,268.46362,0,
7,TIMES_OF_MALTA_15_03_24_A.png,57,0.93652,87136137944,0.27442,0.24166,0.72266,0.21387,4,1,0.24822,0.09631,1,1.33750,0.48981,0,,0.64785,0.45336,10.41285,0.97861,1,0.65387,0.45086,7.95493,0.97861,0,0,0.00000,17,3.09283,1,3.17582,0,0.00000,0,0,0,0,0,0,1,1,0,0.00000,0,AOI 65-AOI 65,564.02515,204.28416,0,
7,TIMES_OF_MALTA_15_03_24_A.png,71,1.16699,87138437127,0.20137,0.14344,0.98926,0.17773,5,1,0.19919,0.22497,0,1.33750,0.48981,0,,0.30898,0.40859,8.19161,0.97861,0,0.64359,0.45628,7.77239,0.97861,0,962,0.00000,17,3.32688,0,2.86278,0,0.00000,0,0,0,0,0,0,1,1,0,0.00000,0,AOI 65-AOI 65,175.85280,142.89926,0,
7,TIMES_OF_MALTA_15_03_24_A.png,96,1.57715,87142543163,0.20864,0.05879,1.33105,0.24609,6,1,0.33576,0.05858,1,1.33750,0.48981,0,,0.30684,0.40688,8.66645,1.03494,1,0.64304,0.45261,7.55636,1.03494,1,0,0.00000,18,2.69072,1,2.47419,1,0.00000,0,0,0,0,0,0,1,1,0,0.00000,0,AOI 64-AOI 64,92.48145,81.31908,0,
7,TIMES_OF_MALTA_15_03_24_A.png,113,1.85645,87145336618,0.34290,0.04784,1.59375,0.26270,7,1,0.47272,0.08926,1,1.33750,0.48981,0,,0.31336,0.40593,7.68580,0.99440,1,0.64837,0.45480,8.94803,1.01251,1,0,0.00000,18,2.42373,1,2.87654,1,0.00000,0,0,0,0,0,0,1,1,0,0.00000,0,AOI 64-AOI 64,258.05038,2.62669,0,
7,TIMES_OF_MALTA_15_03_24_A.png,130,2.12109,87147981464,0.42277,-0.00222,1.87305,0.24805,8,1,0.41684,-0.39923,1,1.33750,0.48981,0,,0.32097,0.40581,9.13313,1.33760,1,0.65570,0.45477,9.34306,1.37985,1,0,0.00000,17,2.71831,1,3.42977,1,0.00000,0,0,0,0,0,0,1,1,0,0.00000,0,,162.60175,19.42048,0,
7,TIMES_OF_MALTA_15_03_24_A.png,165,2.69727,87153740293,0.48722,0.00290,2.44824,0.24902,9,1,0.53125,0.21574,0,1.33750,0.48981,0,,0.33037,0.40106,8.52475,1.03494,0,0.66720,0.45220,7.86505,1.03494,0,0,0.00000,18,2.49902,0,2.38832,0,0.00000,0,0,0,0,0,0,1,1,0,0.00000,0,AOI 64-AOI 64,123.86750,357.44141,0,
7,TIMES_OF_MALTA_15_03_24_A.png,191,3.12305,87158000551,0.51273,0.37336,2.97363,0.14941,10,1,0.47394,0.39811,0,1.33750,0.48981,0,,0.32959,0.40653,8.46045,1.03494,0,0.66001,0.45511,10.39974,1.03494,0,0,0.00000,19,2.58757,0,2.86545,0,0.00000,0,0,0,0,0,0,1,1,0,0.00000,0,AOI 67-AOI 67,403.08365,276.97931,0,
7,TIMES_OF_MALTA_15_03_24_A.png,248,4.07422,87167515322,0.53478,0.21256,3.49902,0.57520,11,1,0.52541,0.24507,1,1.33750,0.48981,0,,0.32555,0.41143,9.82862,1.03494,1,0.66238,0.45902,11.27625,1.03494,1,0,0.00000,19,2.85021,1,3.02271,1,0.00000,0,0,0,0,0,0,1,1,0,0.00000,0,AOI 66-AOI 66,178.74991,76.29961,0,
7,TIMES_OF_MALTA_15_03_24_A.png,263,4.30176,87169784492,0.50850,0.34205,4.09082,0.21094,12,1,0.46261,0.41589,1,1.33750,0.48981,0,,0.32660,0.41589,10.33055,1.03494,1,0.66270,0.46434,10.92741,1.03494,1,0,0.00000,19,2.86048,1,3.26854,1,0.00000,0,0,0,0,0,0,1,1,0,0.00000,0,AOI 66-AOI 66,148.67334,250.16052,0,
7,TIMES_OF_MALTA_15_03_24_A.png,278,4.56738,87172444957,0.40343,0.40625,4.33789,0.22949,13,1,0.37912,0.49327,1,1.33750,0.48981,0,,0.31951,0.41452,11.16534,1.03494,1,0.65682,0.46082,10.55360,1.03494,1,0,0.00000,19,2.79458,1,2.96047,1,0.00000,0,0,0,0,0,0,1,1,0,0.00000,0,AOI 65-AOI 65,213.31718,198.96783,0,
7,TIMES_OF_MALTA_15_03_24_A.png,296,4.86328,87175400131,0.24786,0.45148,4.58398,0.27930,14,1,0.17217,0.52845,0,1.33750,0.48981,0,,0.31395,0.41343,7.48722,1.10736,0,0.64902,0.46069,9.34088,1.10736,0,965,0.00000,19,2.54125,0,2.55916,0,0.00000,0,0,0,0,0,0,1,1,0,0.00000,0,AOI 65-AOI 65,302.66238,189.28792,0,
7,TIMES_OF_MALTA_15_03_24_A.png,329,5.39062,87180674602,0.23084,0.37562,5.12598,0.26465,15,1,0.24387,0.40727,1,1.33750,0.48981,0,,0.31611,0.41579,6.75349,1.02086,1,0.65333,0.46027,8.99798,1.00677,1,0,0.00000,20,2.62975,1,2.49277,1,0.00000,0,0,0,0,0,0,1,1,0,0.00000,0,AOI 65-AOI 65,88.20545,111.74525,0,
7,TIMES_OF_MALTA_15_03_24_A.png,343,5.63574,87183122239,0.31474,0.45524,5.47070,0.16504,16,1,0.28892,0.40562,0,1.33750,0.48981,0,,0.32098,0.41244,7.57853,1.11034,0,0.65931,0.45938,9.79478,1.11034,0,966,0.00000,20,2.31754,0,2.53275,0,0.00000,0,0,0,0,0,0,1,1,0,0.00000,0,AOI 65-AOI 65,182.60216,331.90646,0,
7,TIMES_OF_MALTA_15_03_24_A.png,363,5.94141,87186184942,0.37039,0.42959,5.75000,0.19141,17,1,0.35107,0.31235,1,1.33750,0.48981,0,,0.32577,0.41394,9.81519,1.18276,1,0.66295,0.46052,10.28693,1.18276,1,0,0.00000,20,2.50906,1,2.66985,1,0.00000,0,0,0,0,0,0,1,1,0,0.00000,0,AOI 65-AOI 65,110.38071,14.53480,0,
7,TIMES_OF_MALTA_15_03_24_A.png,396,6.50586,87191829825,0.38466,0.51869,6.26172,0.24414,18,1,0.41004,0.67658,1,1.33750,0.48981,0,,0.32483,0.41910,10.15878,1.03494,1,0.66294,0.46554,9.81196,1.03494,1,0,0.00000,20,3.06194,1,2.58023,1,0.00000,0,0,0,0,0,0,1,1,0,0.00000,0,AOI 65-AOI 65,100.05250,285.89294,0,
7,TIMES_OF_MALTA_15_03_24_A.png,414,6.80176,87194786145,0.49962,0.68620,6.57129,0.23047,19,1,0.57048,0.67827,1,1.33750,0.48981,0,,0.33475,0.41425,10.71631,1.03494,1,0.67270,0.46324,10.15309,1.03494,1,0,0.00000,20,2.68705,1,3.16968,1,0.00000,0,0,0,0,0,0,1,1,0,0.00000,0,,285.38998,320.66101,0,
7,TIMES_OF_MALTA_15_03_24_A.png,435,7.14648,87198237068,0.55537,0.65564,6.81836,0.32812,20,1,0.55397,0.66809,0,1.33750,0.48981,0,,0.33393,0.41549,8.98357,1.03494,0,0.67151,0.46334,9.94260,1.03494,0,967,0.00000,20,2.51516,0,2.76991,0,0.00000,0,0,0,0,0,0,1,1,0,0.00000,0,AOI 72-AOI 72,112.01278,17.13669,0,
7,TIMES_OF_MALTA_15_03_24_A.png,465,7.63965,87203167030,0.74598,0.65935,7.36035,0.27930,21,1,0.79692,0.57643,1,1.33750,0.48981,0,,0.33910,0.41332,9.18532,1.03494,1,0.67778,0.46195,10.10868,1.03494,1,0,0.00000,21,2.62908,1,2.54871,1,0.00000,0,0,0,0,0,0,1,1,0,0.00000,0,AOI 68-AOI 68,365.99323,359.37274,0,
7,TIMES_OF_MALTA_15_03_24_A.png,472,7.74023,87204176683,0.78126,0.59146,7.65625,0.08398,22,1,0.78198,0.52321,0,1.33750,0.48981,0,,0.33891,0.41268,9.63712,1.16465,0,0.67725,0.45745,7.40215,1.18276,0,0,0.00000,21,2.61117,0,2.46669,0,0.00000,0,0,0,0,0,0,1,1,0,0.00000,0,AOI 68-AOI 68,99.82177,47.26674,0,
7,TIMES_OF_MALTA_15_03_24_A.png,491,8.06641,87207436371,0.70731,0.30012,7.91895,0.14746,23,1,0.67280,0.26312,0,1.33750,0.48981,0,,0.33990,0.40654,7.72952,1.03494,0,0.67820,0.45131,7.85614,1.03494,0,0,0.00000,21,2.88613,0,2.78424,0,0.00000,0,0,0,0,0,0,1,1,0,0.00000,0,AOI 68-AOI 68,345.19894,114.28720,0,
7,TIMES_OF_MALTA_15_03_24_A.png,520,8.54297,87212200149,0.75226,0.10126,8.23145,0.31152,24,1,0.78356,0.20587,1,1.33750,0.48981,0,,0.34508,0.40305,8.63663,1.02086,1,0.68328,0.45187,10.96929,1.03494,1,0,0.00000,21,3.34035,1,2.79200,1,0.00000,0,0,0,0,0,0,1,1,0,0.00000,0,AOI 64-AOI 64,231.46060,68.10748,0,
7,TIMES_OF_MALTA_15_03_24_A.png,543,8.92090,87215978440,0.79108,0.19411,8.55957,0.36133,25,1,0.84165,0.13983,1,1.33750,0.48981,0,,0.34658,0.40344,7.22356,1.03494,0,0.68646,0.45174,11.63532,1.03494,1,0,0.00000,22,2.97654,0,3.08223,1,0.00000,0,0,0,0,0,0,1,1,0,0.00000,0,AOI 68-AOI 68,124.94415,306.62256,0,
7,TIMES_OF_MALTA_15_03_24_A.png,572,9.39746,87220743050,0.84487,0.05097,8.98633,0.41113,26,1,0.81212,0.11755,0,1.33750,0.48981,0,,0.34658,0.40344,7.22356,0.97861,0,0.69521,0.45294,11.84449,0.97861,0,970,0.00000,21,2.97654,0,3.32585,0,0.00000,0,0,0,0,0,0,1,1,0,0.00000,0,AOI 64-AOI 64,185.91545,56.25454,0,
7,TIMES_OF_MALTA_15_03_24_A.png,595,9.77539,87224521891,0.55318,0.38457,9.66016,0.11523,27,1,0.55024,0.40315,0,1.33750,0.48981,0,,0.35309,0.41351,9.07544,0.96221,0,0.69114,0.46169,10.15896,0.97630,0,0,0.00000,22,2.58802,0,2.91117,0,0.00000,0,0,0,0,0,0,1,1,0,0.00000,0,AOI 67-AOI 67,665.92615,212.75400,0,
7,TIMES_OF_MALTA_15_03_24_A.png,611,10.02344,87227000008,0.53550,0.77405,9.93945,0.08398,28,1,0.54511,0.74313,1,1.33750,0.48981,0,,0.35581,0.42353,9.89619,1.05304,1,0.69403,0.47435,10.99203,1.07115,1,0,0.00000,22,2.64655,1,2.83584,1,0.00000,0,0,0,0,0,0,1,1,0,0.00000,0,,422.00586,265.38623,0,
9,TVM_14_03_24_A.png,3,0.06641,87227807203,0.53666,0.76901,0.00000,0.06640,1,1,0.54479,0.73377,0,1.33750,0.48981,0,,0.35581,0.42353,9.89619,1.10736,0,0.69403,0.47435,10.99203,1.10736,0,0,0.00000,22,2.64655,0,2.83584,0,0.00000,0,0,0,0,0,0,1,1,0,0.00000,0,AOI 94,5.88120,67.74720,0,
9,TVM_14_03_24_A.png,41,0.67773,87233913811,0.46049,0.14386,0.47754,0.20020,2,1,0.42049,0.05729,1,1.33750,0.48981,0,,0.34730,0.41807,11.41808,1.12695,1,0.68308,0.46875,11.83038,1.10885,1,0,0.00000,22,3.22187,1,3.20171,1,0.00000,0,0,0,0,0,0,1,1,0,0.00000,0,AOI 88,690.81964,102.22199,0,
9,TVM_14_03_24_A.png,58,0.96973,87236842636,0.18806,0.09825,0.75684,0.21289,3,1,0.16058,-0.05626,1,1.33750,0.48981,0,,0.32854,0.41557,9.60760,1.10736,1,0.66425,0.46221,10.58166,1.08925,1,0,0.00000,22,3.04346,1,3.23442,1,0.00000,0,0,0,0,0,0,1,1,0,0.00000,0,AOI 88,525.37988,174.62013,0,
9,TVM_14_03_24_A.png,74,1.20801,87239224055,0.21011,0.15342,1.03613,0.17188,4,1,0.22037,0.30064,1,1.33750,0.48981,0,,0.33169,0.42035,11.12373,1.03494,1,0.66773,0.46892,10.57564,1.03494,1,0,0.00000,22,2.87494,1,3.11501,1,0.00000,0,0,0,0,0,0,1,1,0,0.00000,0,AOI 88,73.09270,305.39496,0,
9,TVM_14_03_24_A.png,90,1.48145,87241952630,0.19697,0.33983,1.25000,0.23145,5,1,0.17497,0.40660,1,1.33750,0.48981,0,,0.33164,0.42317,11.84651,1.03494,1,0.66727,0.47129,11.28047,1.03494,1,0,0.00000,22,3.01592,1,2.90451,1,0.00000,0,0,0,0,0,0,1,1,0,0.00000,0,AOI 88,202.89743,262.85721,0,
9,TVM_14_03_24_A.png,108,1.79199,87245057975,0.20676,0.42170,1.51270,0.27930,6,1,0.29450,0.36465,1,1.33750,0.48981,0,,0.33551,0.42281,11.52076,1.04298,1,0.67164,0.47024,11.05572,1.01080,1,0,0.00000,22,3.14533,1,2.96788,1,0.00000,0,0,0,0,0,0,1,1,0,0.00000,0,AOI 88,90.39548,282.00165,0,
9,TVM_14_03_24_A.png,124,2.04004,87247542755,0.27501,0.36244,1.79395,0.24609,7,1,0.23702,0.40149,1,1.33750,0.48981,0,,0.33421,0.42159,10.81909,1.10736,1,0.67055,0.46907,10.40180,1.10736,1,0,0.00000,22,3.06361,1,3.06236,1,0.00000,0,0,0,0,0,0,1,1,0,0.00000,0,AOI 88,145.83406,26.03120,0,
9,TVM_14_03_24_A.png,165,2.72852,87254424249,0.44625,0.39478,2.26855,0.45996,8,1,0.45870,0.31924,1,1.33750,0.48981,0,,0.34392,0.41795,10.61519,1.05379,1,0.68111,0.46662,11.09487,1.05379,1,0,0.00000,22,2.95312,1,3.25455,1,0.00000,0,0,0,0,0,0,1,1,0,0.00000,0,AOI 88,330.63083,353.93607,0,
9,TVM_14_03_24_A.png,182,3.00781,87257215040,0.45693,0.37691,2.74512,0.26270,9,1,0.43367,0.45434,1,1.33750,0.48981,0,,0.34028,0.41662,10.39384,1.03494,1,0.67814,0.46479,11.90059,1.03494,1,0,0.00000,22,2.75536,1,3.07796,1,0.00000,0,0,0,0,0,0,1,1,0,0.00000,0,AOI 88,28.15945,43.26457,0,
9,TVM_14_03_24_A.png,205,3.38574,87260994570,0.45502,0.37978,3.02344,0.36230,10,1,0.47847,0.39744,1,1.33750,0.48981,0,,0.34034,0.41523,11.29452,1.03494,1,0.67771,0.46344,11.39715,1.03494,1,0,0.00000,22,2.92733,1,3.36139,1,0.00000,0,0,0,0,0,0,1,1,0,0.00000,0,AOI 88,4.80162,220.20525,0,
9,TVM_14_03_24_A.png,219,3.61523,87263293849,0.57039,0.33075,3.40137,0.21387,11,1,0.62447,0.30329,1,1.33750,0.48981,0,,0.34513,0.41318,10.81149,1.03494,1,0.68279,0.46296,11.92612,1.03494,1,0,0.00000,22,3.36137,1,3.22179,1,0.00000,0,0,0,0,0,0,1,1,0,0.00000,0,AOI 89,227.75163,13.44434,0,
9,TVM_14_03_24_A.png,240,3.95996,87266744408,0.59685,0.31898,3.63184,0.32812,12,1,0.48158,0.36724,1,1.33750,0.48981,0,,0.34122,0.41572,10.85217,1.07115,1,0.67869,0.46389,11.15526,1.05304,1,0,0.00000,22,2.72806,1,3.27242,1,0.00000,0,0,0,0,0,0,1,1,0,0.00000,0,AOI 89,52.36926,14.04771,0,
9,TVM_14_03_24_A.png,283,4.66699,87273808347,0.46748,0.39452,4.00879,0.65820,13,1,0.47016,0.47460,1,1.33750,0.48981,0,,0.33573,0.41499,10.66965,1.03494,1,0.67411,0.46205,10.87659,1.03494,1,0,0.00000,21,2.97099,1,3.12518,1,0.00000,0,0,0,0,0,0,1,1,0,0.00000,0,AOI 88,261.44516,198.18265,0,
9,TVM_14_03_24_A.png,296,4.87988,87275943197,0.46575,0.40315,4.68359,0.19629,14,1,0.46283,0.42125,0,1.33750,0.48981,0,,0.33837,0.41448,10.44261,0.97629,0,0.67662,0.46215,10.68858,0.97629,0,971,0.00000,21,2.65031,0,3.03783,0,0.00000,0,0,0,0,0,0,1,1,0,0.00000,0,AOI 88,9.89456,250.38495,0,
9,TVM_14_03_24_A.png,340,5.60352,87283174256,0.60395,0.54560,5.33984,0.26367,15,1,0.59840,0.51633,1,1.33750,0.48981,0,,0.35005,0.41872,10.35369,0.94871,1,0.68908,0.46742,10.25281,0.94871,1,0,0.00000,22,2.78384,1,3.05123,1,0.00000,0,0,0,0,0,0,1,1,0,0.00000,0,AOI 92,306.71817,329.89490,0,
9,TVM_14_03_24_A.png,361,5.94824,87286623937,0.64008,0.29206,5.71875,0.22949,16,1,0.70435,0.28394,1,1.33750,0.48981,0,,0.35681,0.41608,11.13075,1.03494,1,0.69561,0.46578,11.83698,1.03494,1,0,0.00000,22,2.98754,1,3.10627,1,0.00000,0,0,0,0,0,0,1,1,0,0.00000,0,AOI 89,282.47354,75.78394,0,
9,TVM_14_03_24_A.png,377,6.19238,87289064517,0.71944,0.33881,5.96484,0.22754,17,1,0.78544,0.40872,1,1.33750,0.48981,0,,0.36181,0.41713,11.23349,1.03494,1,0.70128,0.46832,11.97515,1.03494,1,0,0.00000,22,2.97298,1,3.35172,1,0.00000,0,0,0,0,0,0,1,1,0,0.00000,0,AOI 89,160.51851,341.66675,0,
9,TVM_14_03_24_A.png,393,6.47363,87291878526,0.71629,0.33504,6.22754,0.24609,18,1,0.66087,0.24515,1,1.33750,0.48981,0,,0.35714,0.41442,11.74246,1.03494,1,0.69667,0.46528,12.06368,1.03494,1,0,0.00000,22,3.11523,1,3.53616,1,0.00000,0,0,0,0,0,0,1,1,0,0.00000,0,AOI 89,7.29071,146.05038,0,
9,TVM_14_03_24_A.png,420,6.93359,87296480090,0.52108,0.59420,6.58887,0.34473,19,1,0.53051,0.51109,1,1.33750,0.48981,0,,0.69219,0.47173,11.82615,1.03494,1,0.69118,0.47309,12.16337,1.03494,0,0,0.00000,22,3.11223,1,3.21270,0,0.00000,0,0,0,0,0,0,1,1,0,0.00000,0,AOI 92,467.77927,216.75137,0,
9,TVM_14_03_24_A.png,473,7.79199,87305058953,0.55002,0.32705,7.54199,0.25000,20,1,0.59296,0.31204,1,1.33750,0.48981,0,,0.34162,0.42616,10.60934,1.05379,1,0.67985,0.47427,11.52404,1.05379,1,0,0.00000,22,2.91840,1,3.15495,1,0.00000,0,0,0,0,0,0,1,1,0,0.00000,0,AOI 89,293.82376,79.09921,0,
9,TVM_14_03_24_A.png,497,8.19922,87309128845,0.60508,0.36919,7.82129,0.37793,21,1,0.63275,0.33603,1,1.33750,0.48981,0,,0.34389,0.42265,12.31427,1.12769,1,0.68263,0.47066,12.73231,1.14580,1,0,0.00000,22,3.32542,1,3.62425,1,0.00000,0,0,0,0,0,0,1,1,0,0.00000,0,AOI 89,115.09563,336.70776,0,
9,TVM_14_03_24_A.png,529,8.70996,87314241823,0.66122,0.37790,8.21484,0.49512,22,1,0.57394,0.41075,1,1.33750,0.48981,0,,0.34695,0.42172,11.97822,1.00562,1,0.68585,0.47099,12.37842,1.00562,1,0,0.00000,22,3.34073,1,3.78788,1,0.00000,0,0,0,0,0,0,1,1,0,0.00000,0,AOI 89,108.19851,355.01239,0,
9,TVM_14_03_24_A.png,569,9.38184,87320958356,0.55765,0.36327,8.74121,0.64062,23,1,0.55691,0.30463,1,1.33750,0.48981,0,,0.35067,0.42087,12.13668,1.03494,1,0.68998,0.47102,12.46732,1.03494,1,0,0.00000,22,3.46793,1,3.64751,1,0.00000,0,0,0,0,0,0,1,1,0,0.00000,0,AOI 89,199.48111,175.45699,0,
9,TVM_14_03_24_A.png,582,9.59570,87323093830,0.51529,0.31079,9.39844,0.19727,24,1,0.52144,0.28560,0,1.33750,0.48981,0,,0.34641,0.42339,11.45748,1.03494,0,0.68572,0.47177,11.60329,1.03494,0,973,0.00000,22,3.21499,0,3.63136,0,0.00000,0,0,0,0,0,0,1,1,0,0.00000,0,AOI 89,99.13235,145.12801,0,
9,TVM_14_03_24_A.png,609,10.03906,87327528918,0.64725,0.64982,9.95703,0.08203,25,1,0.65248,0.77115,1,1.33750,0.48981,0,,0.33876,0.43383,10.52933,1.03494,1,0.67826,0.48163,11.38594,1.03494,1,0,0.00000,23,2.69595,1,3.30820,1,0.00000,0,0,0,0,0,0,1,1,0,0.00000,0,AOI 94,445.26450,304.68170,0,
5,MOBILE_A.png,11,0.18262,87329522840,0.62142,0.60788,0.00000,0.18262,1,1,0.51248,0.31721,1,1.33750,0.48981,0,,0.33011,0.42732,10.19885,1.09148,1,0.66792,0.47194,11.14857,1.09148,1,0,0.00000,23,2.88929,1,3.38639,1,0.00000,0,0,0,0,0,0,1,1,0,0.00000,0,,67.16528,137.59361,0,
5,MOBILE_A.png,32,0.54199,87333115637,0.45411,0.33905,0.24609,0.29590,2,1,0.42939,0.30667,1,1.33750,0.48981,0,,0.32607,0.42677,10.16578,1.00562,1,0.66400,0.47091,11.93776,1.00562,1,0,0.00000,23,2.66276,1,3.16414,1,0.00000,0,0,0,0,0,0,1,1,0,0.00000,0,AOI 50-AOI 50,432.99808,137.89235,0,
5,MOBILE_A.png,57,0.95215,87337222616,0.43873,0.06541,0.65723,0.29492,3,1,0.47649,0.08740,1,1.33750,0.48981,0,,0.33384,0.42353,10.36435,1.03494,1,0.67220,0.46836,11.81396,1.03494,1,0,0.00000,23,3.25195,1,3.23549,1,0.00000,0,0,0,0,0,0,1,1,0,0.00000,0,AOI 47-AOI 47,297.00284,95.70609,0,
5,MOBILE_A.png,78,1.29785,87340672605,0.41486,0.08918,0.96875,0.32910,4,1,0.41839,0.17600,1,1.33750,0.48981,0,,0.33232,0.41982,9.89138,0.97629,1,0.67032,0.46648,11.27432,0.97629,1,0,0.00000,23,3.33893,1,3.01535,1,0.00000,0,0,0,0,0,0,1,1,0,0.00000,0,,52.53046,209.25511,0,
5,MOBILE_A.png,99,1.64258,87344123085,0.42568,0.09543,1.31348,0.32910,5,1,0.52760,0.04975,1,1.33750,0.48981,0,,0.33901,0.42075,11.91440,1.03494,1,0.67715,0.46752,11.98092,1.03494,1,0,0.00000,22,3.13738,1,3.29943,1,0.00000,0,0,0,0,0,0,1,1,0,0.00000,0,AOI 48-AOI 48,21.84345,342.00000,0,
5,MOBILE_A.png,118,1.95508,87347244107,0.46768,0.07809,1.64453,0.31055,6,1,0.44279,0.14585,1,1.33750,0.48981,0,,0.33670,0.42039,11.42987,0.99096,1,0.67475,0.46672,12.13378,0.99096,1,0,0.00000,22,3.05400,1,3.15515,1,0.00000,0,0,0,0,0,0,1,1,0,0.00000,0,AOI 47-AOI 47,82.78599,13.07417,0,
5,MOBILE_A.png,133,2.20117,87349708320,0.49455,0.04716,1.97070,0.23047,7,1,0.53529,0.00211,1,1.33750,0.48981,0,,0.33260,0.42302,11.34474,1.08925,1,0.67118,0.46785,11.69773,1.08925,1,0,0.00000,22,3.06111,1,3.22276,1,0.00000,0,0,0,0,0,0,1,1,0,0.00000,0,AOI 47-AOI 47,61.46074,32.92276,0,
5,MOBILE_A.png,160,2.64453,87354143772,0.52510,0.00626,2.21777,0.42676,8,1,0.54157,0.08887,1,1.33750,0.48981,0,,0.32840,0.42131,11.20081,1.02965,1,0.66669,0.46525,11.85062,0.99746,1,0,0.00000,22,3.14167,1,3.24030,1,0.00000,0,0,0,0,0,0,1,1,0,0.00000,0,AOI 47-AOI 47,73.42815,36.98226,0,
5,MOBILE_A.png,189,3.12109,87358908268,0.38877,0.24346,2.85840,0.26270,9,1,0.40709,0.25036,1,1.33750,0.48981,0,,0.32144,0.42627,10.80194,1.02717,1,0.65967,0.46854,11.12779,1.00906,1,0,0.00000,23,2.80387,1,3.18376,1,0.00000,0,0,0,0,0,0,1,1,0,0.00000,0,AOI 49-AOI 49,366.25278,224.38300,0,
5,MOBILE_A.png,218,3.58496,87363543527,0.50149,0.21479,3.18652,0.39844,10,1,0.52488,0.11775,1,1.33750,0.48981,0,,0.32758,0.42610,8.67505,1.05304,1,0.66537,0.46992,10.79194,1.07115,1,0,0.00000,23,2.85392,1,2.76564,1,0.00000,0,0,0,0,0,0,1,1,0,0.00000,0,,218.62613,8.14207,0,
5,MOBILE_A.png,232,3.83008,87365993239,0.51851,0.23758,3.59277,0.23730,11,1,0.54033,0.30021,1,1.33750,0.48981,0,,0.33177,0.42500,8.81449,1.03494,1,0.66959,0.46853,10.43674,1.03494,1,0,0.00000,23,2.73003,1,2.66044,1,0.00000,0,0,0,0,0,0,1,1,0,0.00000,0,,40.91072,323.01315,0,
5,MOBILE_A.png,248,4.10645,87368764170,0.54744,0.28015,3.86035,0.24609,12,1,0.55380,0.40965,0,1.33750,0.48981,0,,0.33109,0.42490,9.17314,1.03494,0,0.67097,0.46859,7.13276,1.03494,0,975,0.00000,23,2.64854,0,2.69450,0,0.00000,0,0,0,0,0,0,1,1,0,0.00000,0,,72.10461,320.38516,0,
5,MOBILE_A.png,266,4.40234,87371722119,0.55870,0.36478,4.25586,0.14648,13,1,0.45702,0.20946,0,1.33750,0.48981,0,,0.33129,0.42628,6.83612,1.03494,0,0.66727,0.47204,7.16684,1.03494,0,0,0.00000,24,2.21969,0,2.65844,0,0.00000,0,0,0,0,0,0,1,1,0,0.00000,0,AOI 55-AOI 55,93.92247,283.30780,0,
5,MOBILE_A.png,284,4.68262,87374521786,0.39936,0.36846,4.60059,0.08203,14,1,0.37346,0.31340,0,1.33750,0.48981,0,,0.32679,0.42582,8.51286,1.03494,0,0.66514,0.47043,10.17692,1.03494,0,0,0.00000,24,2.60440,0,2.70924,0,0.00000,0,0,0,0,0,0,1,1,0,0.00000,0,AOI 51-AOI 51,305.95874,180.74428,0,
5,MOBILE_A.png,308,5.09277,87378624067,0.34745,0.30264,4.91211,0.18066,15,1,0.33789,0.36859,0,1.33750,0.48981,0,,0.32679,0.42582,8.51286,1.03494,0,0.66954,0.47710,10.43267,1.03494,0,0,0.00000,24,2.60440,0,2.63437,0,0.00000,0,0,0,0,0,0,1,1,0,0.00000,0,,122.42021,144.50240,0,
5,MOBILE_A.png,347,5.73340,87385031168,0.43069,0.24841,5.55273,0.18066,16,1,0.35911,0.14262,0,1.33750,0.48981,0,,0.32894,0.42743,7.72799,1.10736,0,0.66700,0.47544,7.66399,1.10736,0,0,0.00000,24,2.23943,0,2.54192,0,0.00000,0,0,0,0,0,0,1,1,0,0.00000,0,AOI 49-AOI 49,170.21440,20.12601,0,
5,MOBILE_A.png,405,6.70312,87394724131,0.41503,0.15564,6.20996,0.49316,17,1,0.38875,0.11498,1,1.33750,0.48981,0,,0.32896,0.43019,9.88835,1.03494,1,0.66716,0.47582,11.16646,1.03494,1,0,0.00000,24,2.82214,1,2.92386,1,0.00000,0,0,0,0,0,0,1,1,0,0.00000,0,AOI 48-AOI 48,104.60590,106.70435,0,
5,MOBILE_A.png,423,6.99805,87397679322,0.38822,0.17137,6.71875,0.27930,18,1,0.40894,0.27183,1,1.33750,0.48981,0,,0.32994,0.43040,9.17758,0.96221,1,0.66756,0.47535,9.93487,0.94813,1,0,0.00000,24,2.87994,1,3.01662,1,0.00000,0,0,0,0,0,0,1,1,0,0.00000,0,,54.20607,198.26450,0,
5,MOBILE_A.png,442,7.31055,87400800078,0.43970,0.22798,7.06445,0.24609,19,1,0.45525,0.37370,0,1.33750,0.48981,0,,0.33059,0.42932,10.02119,0.97629,0,0.66871,0.47458,7.75326,0.97629,0,976,0.00000,24,3.00136,0,2.86730,0,0.00000,0,0,0,0,0,0,1,1,0,0.00000,0,AOI 49-AOI 49,116.22222,328.26099,0,
5,MOBILE_A.png,470,7.75488,87405250487,0.44938,0.71388,7.52344,0.23145,20,1,0.38194,0.44409,1,1.33750,0.48981,0,,0.32512,0.43822,6.22429,1.11033,1,0.66431,0.48348,8.88894,1.11033,1,0,0.00000,25,3.02405,1,2.41037,1,0.00000,0,0,0,0,0,0,1,1,0,0.00000,0,AOI 52-AOI 52,525.10107,272.02838,0,
5,MOBILE_A.png,486,8.03320,87408030310,0.41201,0.34927,7.82129,0.21191,21,1,0.42901,0.29109,1,1.33750,0.48981,0,,0.32247,0.43033,8.60824,1.00562,1,0.65937,0.47243,10.08505,1.00562,1,0,0.00000,25,2.86158,1,2.79347,1,0.00000,0,0,0,0,0,0,1,1,0,0.00000,0,AOI 50-AOI 51-AOI 50-AOI 51,400.26230,100.32657,0,
5,MOBILE_A.png,495,8.16504,87409350549,0.41769,0.37413,8.04980,0.11523,22,1,0.39852,0.49372,0,1.33750,0.48981,0,,0.32304,0.42925,9.50463,1.03494,0,0.66085,0.47257,9.63589,1.03494,0,0,0.00000,25,2.61390,0,2.70987,0,0.00000,0,0,0,0,0,0,1,1,0,0.00000,0,AOI 51-AOI 51,28.97919,292.10632,0,
5,MOBILE_A.png,521,8.60840,87413781018,0.43282,0.33019,8.34570,0.26270,23,1,0.45669,0.36584,1,1.33750,0.48981,0,,0.32527,0.43008,10.36328,1.02028,1,0.66382,0.47265,10.78917,1.02028,1,0,0.00000,26,2.78688,1,2.86915,1,0.00000,0,0,0,0,0,0,1,1,0,0.00000,0,AOI 50-AOI 50,55.64060,58.52725,0,
5,MOBILE_A.png,543,8.96973,87417394737,0.45470,0.34385,8.62500,0.34473,24,1,0.48459,0.43941,1,1.33750,0.48981,0,,0.32860,0.43048,9.49678,1.02086,1,0.66719,0.47272,10.87856,1.00677,1,0,0.00000,26,2.82758,1,2.95174,1,0.00000,0,0,0,0,0,0,1,1,0,0.00000,0,AOI 50-AOI 50,44.52471,340.64993,0,
5,MOBILE_A.png,571,9.42969,87421993822,0.44846,0.35151,8.98633,0.44336,25,1,0.42986,0.69538,1,1.33750,0.48981,0,,0.32815,0.43083,8.93549,1.03494,0,0.66736,0.47789,6.62308,1.03494,1,0,0.00000,26,2.90465,0,2.28267,1,0.00000,0,0,0,0,0,0,1,1,0,0.00000,0,AOI 51-AOI 51,14.55949,214.62540,0,
5,MOBILE_A.png,603,9.95508,87427250310,0.58587,0.41496,9.74219,0.21289,26,1,0.75150,0.37159,1,1.33750,0.48981,0,,0.33174,0.43554,10.56901,1.00562,1,0.66424,0.47458,9.10383,1.00562,0,0,0.00000,27,2.73500,1,2.79275,0,0.00000,0,0,0,0,0,0,1,1,0,0.00000,0,AOI 55-AOI 55,272.58145,345.43985,0,
6,THE_SHIFT_14_03_24_A.png,30,0.50977,87433329859,0.47472,0.35361,0.27930,0.23047,2,1,0.30272,0.27262,1,1.33750,0.48981,0,,0.31499,0.43511,8.33589,1.09149,1,0.65401,0.47390,10.30770,1.09149,1,0,0.00000,28,2.23929,1,2.84741,1,0.00000,0,0,0,0,0,0,1,1,0,0.00000,0,AOI 58-AOI 58,223.45721,162.75171,0,
6,THE_SHIFT_14_03_24_A.png,46,0.75781,87435816006,0.29731,0.42099,0.61133,0.14648,3,1,0.27142,0.39211,0,1.33750,0.48981,0,,0.31447,0.43493,8.00970,0.97630,0,0.65103,0.46866,8.78218,0.97630,0,0,0.00000,28,2.54680,0,2.77494,0,0.00000,0,0,0,0,0,0,1,1,0,0.00000,0,AOI 58-AOI 58,348.31369,192.05919,0,
6,THE_SHIFT_14_03_24_A.png,83,1.38086,87442039530,0.49751,0.33762,1.13379,0.24707,4,1,0.49647,0.36690,1,1.33750,0.48981,0,,0.32506,0.43324,8.73001,1.03494,1,0.66129,0.47420,9.90588,1.03494,0,0,0.00000,28,2.78518,1,2.63986,0,0.00000,0,0,0,0,0,0,1,1,0,0.00000,0,AOI 58-AOI 58,394.78876,13.18349,0,
6,THE_SHIFT_14_03_24_A.png,93,1.54492,87443680103,0.45686,0.46661,1.39648,0.14844,5,1,0.37801,0.64399,0,1.33750,0.48981,0,,0.32446,0.43363,9.53241,1.03494,0,0.66220,0.47908,8.74807,1.03494,0,0,0.00000,28,2.46268,0,2.83264,0,0.00000,0,0,0,0,0,0,1,1,0,0.00000,0,AOI 58-AOI 58,159.68265,240.74028,0,
6,THE_SHIFT_14_03_24_A.png,135,2.23438,87450580753,0.44143,0.27211,1.78711,0.44727,6,1,0.40473,0.45415,1,1.33750,0.48981,0,,0.32313,0.43011,8.99670,1.07115,1,0.66241,0.47248,10.49365,1.05304,1,0,0.00000,28,2.64042,1,2.77813,1,0.00000,0,0,0,0,0,0,1,1,0,0.00000,0,AOI 58-AOI 58,212.13885,98.02771,0,
6,THE_SHIFT_14_03_24_A.png,148,2.44824,87452716501,0.39883,0.35121,2.25098,0.19727,7,1,0.37329,0.33718,0,1.33750,0.48981,0,,0.32038,0.43122,9.02571,1.08925,0,0.66148,0.47287,8.42422,1.10736,0,981,0.00000,28,2.62778,0,2.71361,0,0.00000,0,0,0,0,0,0,1,1,0,0.00000,0,AOI 58-AOI 58,118.27035,226.24564,0,
6,THE_SHIFT_14_03_24_A.png,182,3.00684,87458299945,0.68527,0.50186,2.71191,0.29492,8,1,0.62745,0.55270,1,1.33750,0.48981,0,,0.32794,0.43662,8.82682,1.05304,1,0.66677,0.47926,9.13464,1.07115,1,0,0.00000,28,2.59495,1,2.41020,1,0.00000,0,0,0,0,0,0,1,1,0,0.00000,0,AOI 61-AOI 61,573.52698,343.51962,0,
6,THE_SHIFT_14_03_24_A.png,207,3.39551,87462186309,0.68471,0.48047,3.02344,0.37207,9,1,0.67973,0.54517,1,1.33750,0.48981,0,,0.33020,0.43356,7.71638,0.97630,1,0.67037,0.47661,9.00909,0.97630,1,0,0.00000,28,2.43145,1,2.56066,1,0.00000,0,0,0,0,0,0,1,1,0,0.00000,0,AOI 61-AOI 61,23.12626,92.66447,0,
6,THE_SHIFT_14_03_24_A.png,217,3.58203,87464052901,0.67592,0.54256,3.43359,0.14844,10,1,0.67649,0.45639,0,1.33750,0.48981,0,,0.33076,0.43301,8.37131,1.03494,0,0.67037,0.47707,8.42409,1.03494,0,982,0.00000,28,2.41533,0,2.77531,0,0.00000,0,0,0,0,0,0,1,1,0,0.00000,0,AOI 61-AOI 61,69.14838,255.87320,0,
6,THE_SHIFT_14_03_24_A.png,244,4.02539,87468486760,0.68135,0.45238,3.73047,0.29492,11,1,0.67366,0.41745,0,1.33750,0.48981,0,,0.33150,0.43596,6.36558,1.08925,0,0.67200,0.47925,8.58443,1.10736,0,0,0.00000,29,2.22164,0,2.50921,0,0.00000,0,0,0,0,0,0,1,1,0,0.00000,0,AOI 61-AOI 61,97.95080,83.88999,0,
6,THE_SHIFT_14_03_24_A.png,266,4.38672,87472100542,0.74415,0.47281,4.13965,0.24707,12,1,0.70961,0.48332,1,1.33750,0.48981,0,,0.33807,0.43215,6.76047,1.03494,1,0.67788,0.47900,9.19171,1.03494,1,0,0.00000,29,2.35640,1,2.55076,1,0.00000,0,0,0,0,0,0,1,1,0,0.00000,0,AOI 61-AOI 61,122.57811,349.63007,0,
6,THE_SHIFT_14_03_24_A.png,283,4.66602,87474893370,0.69688,0.46404,4.40332,0.26270,13,1,0.57590,0.35581,0,1.33750,0.48981,0,,0.33831,0.43593,8.44219,1.07517,0,0.67444,0.48223,7.85660,1.10736,0,0,0.00000,28,2.74407,0,2.84068,0,0.00000,0,0,0,0,0,0,1,1,0,0.00000,0,AOI 61-AOI 61,91.25132,174.04214,0,
6,THE_SHIFT_14_03_24_A.png,309,5.07910,87479021364,0.23133,0.57717,4.92871,0.15039,14,1,0.21154,0.55129,0,1.33750,0.48981,0,,0.32092,0.44229,8.23881,1.11033,0,0.65966,0.48262,10.67374,1.11033,0,0,0.00000,29,2.44577,0,2.84260,0,0.00000,0,0,0,0,0,0,1,1,0,0.00000,0,AOI 58-AOI 58,902.16760,187.78348,0,
6,THE_SHIFT_14_03_24_A.png,327,5.40527,87482287393,0.59032,0.12306,5.32324,0.08203,15,1,0.59477,0.12753,0,1.33750,0.48981,0,,0.33176,0.42806,9.16379,1.03494,1,0.65966,0.48262,10.67374,1.03494,0,0,0.00000,29,2.88378,1,2.84260,0,0.00000,0,0,0,0,0,0,1,1,0,0.00000,0,AOI 56-AOI 56,845.93781,35.43349,0,
6,THE_SHIFT_14_03_24_A.png,351,5.78516,87486082993,0.64048,0.13311,5.52051,0.26465,16,1,0.70771,0.06269,1,1.33750,0.48981,0,,0.33354,0.42751,9.31544,1.02086,1,0.67263,0.47152,11.00198,1.03494,1,0,0.00000,29,3.38131,1,2.86532,1,0.00000,0,0,0,0,0,0,1,1,0,0.00000,0,AOI 56-AOI 56,96.91683,353.56979,0,
6,THE_SHIFT_14_03_24_A.png,370,6.11133,87489350882,0.66833,0.04138,5.81543,0.29590,17,1,0.68944,-0.01760,1,1.33750,0.48981,0,,0.33246,0.42641,9.57216,1.08925,1,0.67132,0.46993,11.16040,1.07115,1,0,0.00000,29,3.14462,1,2.86340,1,0.00000,0,0,0,0,0,0,1,1,0,0.00000,0,AOI 56-AOI 56,112.57801,61.64210,0,
6,THE_SHIFT_14_03_24_A.png,390,6.44043,87492636440,0.61162,0.06971,6.17773,0.26270,18,1,0.60394,-0.03487,0,1.33750,0.48981,0,,0.33113,0.41854,12.84242,1.18275,0,0.66836,0.45989,17.86063,1.18275,0,0,0.00000,29,4.14815,0,4.70363,0,0.00000,0,0,0,0,0,0,1,1,0,0.00000,0,AOI 56-AOI 56,113.10034,195.69548,0,
6,THE_SHIFT_14_03_24_A.png,430,7.09766,87499207744,0.71337,0.51700,6.80176,0.29590,19,1,0.69026,0.67053,1,1.33750,0.48981,0,,0.33875,0.43826,10.39198,1.07264,1,0.67829,0.48382,10.32923,1.07264,1,0,0.00000,30,2.71792,1,2.89956,1,0.00000,0,0,0,0,0,0,1,1,0,0.00000,0,AOI 61-AOI 61,521.08087,292.01892,0,
6,THE_SHIFT_14_03_24_A.png,447,7.37695,87502000074,0.65831,0.58413,7.16309,0.21387,20,1,0.54160,0.36170,1,1.33750,0.48981,0,,0.33428,0.43199,10.37669,1.03494,1,0.67316,0.47595,11.35673,1.03494,1,0,0.00000,30,2.92667,1,3.21140,1,0.00000,0,0,0,0,0,0,1,1,0,0.00000,0,AOI 61-AOI 61,128.18741,214.44266,0,
6,THE_SHIFT_14_03_24_A.png,473,7.80371,87506272002,0.52490,0.36968,7.44238,0.36133,21,1,0.47587,0.43615,1,1.33750,0.48981,0,,0.33108,0.43007,10.84499,0.97861,1,0.67081,0.47449,12.50996,0.97861,1,0,0.00000,30,2.94708,1,3.61525,1,0.00000,0,0,0,0,0,0,1,1,0,0.00000,0,AOI 58-AOI 58,345.32986,137.88039,0,
6,THE_SHIFT_14_03_24_A.png,486,8.01758,87508407692,0.35706,0.27221,7.82031,0.19727,22,1,0.24288,0.21387,1,1.33750,0.48981,0,,0.32323,0.42925,11.14150,0.99096,1,0.66342,0.47289,12.19080,0.99096,1,0,0.00000,30,3.19536,1,3.38720,1,0.00000,0,0,0,0,0,0,1,1,0,0.00000,0,AOI 58-AOI 58,339.01059,161.90979,0,
6,THE_SHIFT_14_03_24_A.png,504,8.31348,87511365447,0.25159,0.22707,8.03418,0.27930,23,1,0.19481,0.07464,1,1.33750,0.48981,0,,0.32032,0.42686,12.03129,1.00980,1,0.65964,0.47008,12.74063,1.02791,1,0,0.00000,30,3.22717,1,3.50889,1,0.00000,0,0,0,0,0,0,1,1,0,0.00000,0,AOI 58-AOI 58,208.28798,166.46399,0,
6,THE_SHIFT_14_03_24_A.png,528,8.70703,87515307997,0.24262,0.06186,8.37891,0.32812,24,1,0.42850,0.03885,0,1.33750,0.48981,0,,0.32262,0.42717,10.00549,1.03494,0,0.67068,0.47253,6.63897,1.03494,0,985,0.00000,30,3.00371,0,2.40982,0,0.00000,0,0,0,0,0,0,1,1,0,0.00000,0,AOI 56-AOI 56,179.25607,95.51331,0,
6,THE_SHIFT_14_03_24_A.png,609,10.02344,87528464460,0.49953,0.24687,9.90625,0.11719,25,1,0.49838,0.23223,1,1.33750,0.48981,0,,0.32761,0.43975,10.89220,1.08925,1,0.66754,0.48454,11.14468,1.10736,1,0,0.00000,30,3.05179,1,3.20321,1,0.00000,0,0,0,0,0,0,1,1,0,0.00000,0,AOI 58-AOI 58,532.20001,337.94830,0,
8,TIMES_OF_MALTA_29_02_24_A.jpg,12,0.20410,87530824949,0.50600,0.27471,0.00000,0.20410,1,1,0.56497,0.25734,1,1.33750,0.48981,0,,0.32946,0.44073,10.87075,1.07264,1,0.66910,0.48529,10.60388,1.07264,1,0,0.00000,29,2.77860,1,2.91079,1,0.00000,0,0,0,0,0,0,1,1,0,0.00000,0,AOI 81-AOI 81,32.53231,292.44812,0,
8,TIMES_OF_MALTA_29_02_24_A.jpg,28,0.44531,87533234520,0.47923,0.30855,0.20898,0.23633,2,1,0.34886,0.33886,1,1.33750,0.48981,0,,0.32453,0.43925,10.42295,1.02717,1,0.66364,0.48310,11.88902,1.00906,1,0,0.00000,29,2.93408,1,3.12449,1,0.00000,0,0,0,0,0,0,1,1,0,0.00000,0,AOI 80-AOI 80,63.06736,215.41502,0,
8,TIMES_OF_MALTA_29_02_24_A.jpg,46,0.75586,87536336529,0.33868,0.26103,0.52539,0.23047,3,1,0.32768,0.22428,1,1.33750,0.48981,0,,0.32744,0.43660,10.09782,0.97629,1,0.66641,0.48178,10.58585,0.97629,1,0,0.00000,29,3.14742,1,3.21481,1,0.00000,0,0,0,0,0,0,1,1,0,0.00000,0,AOI 80-AOI 80,274.69281,169.23198,0,
8,TIMES_OF_MALTA_29_02_24_A.jpg,59,0.96875,87538473301,0.20145,0.14510,0.77148,0.19727,4,1,0.13822,0.09623,1,1.33750,0.48981,0,,0.31739,0.43432,8.67102,1.05379,1,0.65683,0.47963,10.81014,1.05379,1,0,0.00000,29,2.79190,1,3.10077,1,0.00000,0,0,0,0,0,0,1,1,0,0.00000,0,,291.71683,154.58330,0,
8,TIMES_OF_MALTA_29_02_24_A.jpg,104,1.70898,87545866531,0.35346,0.34197,1.47852,0.23047,5,1,0.32377,0.39337,1,1.33750,0.48981,0,,0.31505,0.44204,10.55392,1.08925,1,0.65349,0.48285,10.90720,1.08925,1,0,0.00000,30,2.93118,1,3.14403,1,0.00000,0,0,0,0,0,0,1,1,0,0.00000,0,AOI 80-AOI 80,361.09406,323.92664,0,
8,TIMES_OF_MALTA_29_02_24_A.jpg,118,1.92578,87548036399,0.22815,0.42669,1.72559,0.20020,6,1,0.19651,0.45424,1,1.33750,0.48981,0,,0.31165,0.44281,11.31480,1.00677,1,0.64966,0.48598,11.42958,1.02085,1,0,0.00000,30,2.90097,1,3.16524,1,0.00000,0,0,0,0,0,0,1,1,0,0.00000,0,AOI 80-AOI 80,257.40607,200.82164,0,
8,TIMES_OF_MALTA_29_02_24_A.jpg,149,2.43262,87553108328,0.16584,0.44632,1.93262,0.50000,7,1,0.22317,0.40094,1,1.33750,0.48981,0,,0.30836,0.44017,11.31348,1.05304,1,0.64634,0.48370,11.29799,1.03494,1,0,0.00000,30,3.16943,1,2.96310,1,0.00000,0,0,0,0,0,0,1,1,0,0.00000,0,AOI 80-AOI 80,121.49911,190.04898,0,
8,TIMES_OF_MALTA_29_02_24_A.jpg,169,2.77637,87556543330,0.23003,0.44494,2.46387,0.31250,8,1,0.26451,0.47002,1,1.33750,0.48981,0,,0.31006,0.44378,11.17943,1.03494,1,0.64872,0.48686,11.12944,1.03494,1,0,0.00000,30,3.14647,1,3.03873,1,0.00000,0,0,0,0,0,0,1,1,0,0.00000,0,AOI 80-AOI 80,123.25379,0.69285,0,
8,TIMES_OF_MALTA_29_02_24_A.jpg,184,3.02246,87559009901,0.31641,0.47312,2.79297,0.22949,9,1,0.30733,0.44754,1,1.33750,0.48981,0,,0.31251,0.44174,9.76603,1.02028,1,0.65105,0.48460,10.10577,1.02028,1,0,0.00000,30,2.80397,1,2.87931,1,0.00000,0,0,0,0,0,0,1,1,0,0.00000,0,AOI 80-AOI 87-AOI 80-AOI 87,168.61894,349.60156,0,
8,TIMES_OF_MALTA_29_02_24_A.jpg,216,3.54785,87564264483,0.35737,0.44779,3.03906,0.50879,10,1,0.38497,0.55843,1,1.33750,0.48981,0,,0.31204,0.43908,9.05886,0.91997,1,0.65037,0.48045,9.64310,0.91997,1,0,0.00000,30,2.53505,1,2.40755,1,0.00000,0,0,0,0,0,0,1,1,0,0.00000,0,AOI 80-AOI 80,83.26539,19.18048,0,
8,TIMES_OF_MALTA_29_02_24_A.jpg,228,3.74512,87566236979,0.31544,0.47116,3.56445,0.18066,11,1,0.14910,0.39449,0,1.33750,0.48981,0,,0.30998,0.44001,7.50267,1.18275,0,0.64443,0.48233,10.43505,1.18275,0,987,0.00000,30,2.43704,0,2.84134,0,0.00000,0,0,0,0,0,0,1,1,0,0.00000,0,AOI 80-AOI 87-AOI 80-AOI 87,84.36938,197.40691,0,
8,TIMES_OF_MALTA_29_02_24_A.jpg,261,4.26758,87571455542,0.11818,0.43981,3.95898,0.30859,12,1,0.17675,0.44883,1,1.33750,0.48981,0,,0.30814,0.43982,10.52418,1.03494,1,0.64693,0.48198,11.34971,1.03494,1,0,0.00000,31,2.97531,1,2.89160,1,0.00000,0,0,0,0,0,0,1,1,0,0.00000,0,,380.24957,174.89153,0,
8,TIMES_OF_MALTA_29_02_24_A.jpg,282,4.63281,87575107930,0.16592,0.51721,4.30371,0.32910,13,1,0.16783,0.46374,1,1.33750,0.48981,0,,0.30566,0.44188,10.58054,1.08925,1,0.64452,0.48206,10.72739,1.07115,1,0,0.00000,31,2.79627,1,2.89502,1,0.00000,0,0,0,0,0,0,1,1,0,0.00000,0,AOI 80-AOI 87-AOI 80-AOI 87,124.05371,317.63611,0,
8,TIMES_OF_MALTA_29_02_24_A.jpg,301,4.96094,87578394209,0.24802,0.49536,4.64941,0.31152,14,1,0.28065,0.51389,1,1.33750,0.48981,0,,0.30757,0.44274,9.90801,0.99095,1,0.64677,0.48382,10.61576,0.99095,1,0,0.00000,31,2.68561,1,2.82162,1,0.00000,0,0,0,0,0,0,1,1,0,0.00000,0,AOI 80-AOI 87-AOI 80-AOI 87,159.38855,8.51414,0,
8,TIMES_OF_MALTA_29_02_24_A.jpg,330,5.43750,87583159766,0.34111,0.50698,4.97754,0.45996,15,1,0.35086,0.62419,1,1.33750,0.48981,0,,0.31418,0.44570,8.05459,0.94813,1,0.65179,0.48549,9.42908,0.93405,1,0,0.00000,31,2.25762,1,2.74342,1,0.00000,0,0,0,0,0,0,1,1,0,0.00000,0,AOI 80-AOI 87-AOI 80-AOI 87,179.17279,355.98361,0,
8,TIMES_OF_MALTA_29_02_24_A.jpg,365,6.01270,87588909713,0.20057,0.52817,5.75000,0.26270,16,1,0.15635,0.58990,1,1.33750,0.48981,0,,0.31418,0.44513,7.88786,0.96337,0,0.65182,0.48719,9.16611,0.97745,1,0,0.00000,32,2.12773,0,2.62158,1,0.00000,0,0,0,0,0,0,1,1,0,0.00000,0,AOI 80-AOI 87-AOI 80-AOI 87,270.80548,184.84773,0,
8,TIMES_OF_MALTA_29_02_24_A.jpg,373,6.14453,87590222205,0.14642,0.54967,6.02930,0.11523,17,1,0.13534,0.52189,0,1.33750,0.48981,0,,0.31418,0.44513,7.88786,1.03494,0,0.65433,0.48652,7.40146,1.03494,0,0,0.00000,32,2.12773,0,2.51277,0,0.00000,0,0,0,0,0,0,1,1,0,0.00000,0,AOI 80-AOI 80,106.52938,192.58969,0,
8,TIMES_OF_MALTA_29_02_24_A.jpg,392,6.45605,87593342835,0.37108,0.39035,6.25879,0.19727,18,1,0.37609,0.42299,0,1.33750,0.48981,0,,0.32251,0.44031,8.71072,1.03494,0,0.66068,0.48363,9.31369,1.03494,0,0,0.00000,32,2.70245,0,2.66398,0,0.00000,0,0,0,0,0,0,1,1,0,0.00000,0,AOI 80-AOI 80,464.39960,21.74719,0,
8,TIMES_OF_MALTA_29_02_24_A.jpg,424,6.98242,87598601338,0.37702,0.46342,6.75391,0.22852,19,1,0.37653,0.54871,0,1.33750,0.48981,0,,0.32754,0.43760,7.88119,1.11033,0,0.66670,0.48330,9.77822,1.11033,0,0,0.00000,32,2.60340,0,2.63258,0,0.00000,0,0,0,0,0,0,1,1,0,0.00000,0,AOI 80-AOI 87-AOI 80-AOI 87,79.73544,278.22339,0,
8,TIMES_OF_MALTA_29_02_24_A.jpg,468,7.70508,87605829658,0.54352,0.09277,7.28418,0.42090,20,1,0.48676,0.00742,1,1.33750,0.48981,0,,0.32808,0.43409,10.01893,1.03494,1,0.66643,0.47642,11.49488,1.03494,1,0,0.00000,32,2.95091,1,3.10808,1,0.00000,0,0,0,0,0,0,1,1,0,0.00000,0,AOI 79-AOI 79,512.28601,51.38924,0,
8,TIMES_OF_MALTA_29_02_24_A.jpg,502,8.25000,87611279769,0.50050,0.05295,7.72168,0.52832,21,1,0.46938,0.02795,1,1.33750,0.48981,0,,0.32784,0.43351,9.95840,1.08925,1,0.66638,0.47496,11.44674,1.10736,1,0,0.00000,32,3.04632,1,2.98364,1,0.00000,0,0,0,0,0,0,1,1,0,0.00000,0,AOI 79-AOI 79,93.12339,152.49583,0,
8,TIMES_OF_MALTA_29_02_24_A.jpg,519,8.52832,87614065214,0.51167,0.01402,8.28027,0.24805,22,1,0.69311,-0.00211,1,1.33750,0.48981,0,,0.33552,0.43383,10.47914,1.07115,1,0.67413,0.47490,8.82221,1.08925,1,0,0.00000,32,2.63240,1,2.96027,1,0.00000,0,0,0,0,0,0,1,1,0,0.00000,0,AOI 79-AOI 79,47.19828,62.97441,0,
8,TIMES_OF_MALTA_29_02_24_A.jpg,538,8.85449,87617329931,0.62835,0.11284,8.60840,0.24609,23,1,0.51240,0.13079,1,1.33750,0.48981,0,,0.33507,0.43467,11.36327,0.99096,1,0.67298,0.48066,11.89826,0.97687,1,0,0.00000,32,3.05836,1,3.32257,1,0.00000,0,0,0,0,0,0,1,1,0,0.00000,0,AOI 79-AOI 79,248.14882,334.52692,0,
8,TIMES_OF_MALTA_29_02_24_A.jpg,563,9.26562,87621439523,0.52235,0.09077,8.87109,0.39453,24,1,0.53410,0.09065,1,1.33750,0.48981,0,,0.33279,0.43098,11.84449,1.03494,1,0.67092,0.47780,12.34518,1.03494,1,0,0.00000,31,2.98023,1,3.21870,1,0.00000,0,0,0,0,0,0,1,1,0,0.00000,0,AOI 79-AOI 79,204.91098,173.32014,0,
8,TIMES_OF_MALTA_29_02_24_A.jpg,583,9.58008,87624582741,0.55292,0.02864,9.28223,0.29785,25,1,0.72164,0.15662,1,1.33750,0.48981,0,,0.34227,0.43352,10.06986,1.03494,1,0.67980,0.48318,12.47571,1.03494,1,0,0.00000,31,3.26232,1,3.18496,1,0.00000,0,0,0,0,0,0,1,1,0,0.00000,0,AOI 79-AOI 79,89.14865,48.82306,0,
8,TIMES_OF_MALTA_29_02_24_A.jpg,609,10.02148,87628993816,0.72540,0.14501,9.66016,0.36133,26,1,0.75655,0.17526,1,1.33750,0.48981,0,,0.34272,0.43314,11.34723,1.03494,1,0.68195,0.48139,11.76038,1.03494,1,0,0.00000,31,3.24108,1,3.10725,1,0.00000,0,0,0,0,0,0,1,1,0,0.00000,0,,354.20810,339.21768,0,
3,LOVIN_MALTA_04_03_24_A.png,4,0.06543,87629665023,0.70750,0.14265,0.00000,0.06543,1,1,0.58305,0.11729,1,1.33750,0.48981,0,,0.33647,0.43284,11.07677,1.03494,1,0.67538,0.47964,11.58624,1.03494,1,0,0.00000,31,3.05974,1,3.09249,1,0.00000,0,0,0,0,0,0,1,1,0,0.00000,0,,34.46243,175.75861,0,
3,LOVIN_MALTA_04_03_24_A.png,51,0.85352,87637538039,0.43737,0.12548,0.49121,0.36230,2,1,0.43489,-0.07279,0,1.33750,0.48981,0,,0.33240,0.43050,11.57613,1.12844,0,0.67041,0.47848,11.68825,1.11033,0,990,0.00000,32,3.24359,0,3.15615,0,0.00000,0,0,0,0,0,0,1,1,0,0.00000,0,AOI 33-AOI 33,518.98090,177.95235,0,
3,LOVIN_MALTA_04_03_24_A.png,109,1.80566,87647066732,0.45614,0.18532,1.36230,0.44336,3,1,0.44094,0.23049,1,1.33750,0.48981,0,,0.33321,0.42766,10.96407,1.03494,1,0.66901,0.47072,12.12749,1.03494,1,0,0.00000,32,2.92337,1,3.29908,1,0.00000,0,0,0,0,0,0,1,1,0,0.00000,0,AOI 33-AOI 33,73.99622,299.14557,0,
3,LOVIN_MALTA_04_03_24_A.png,131,2.16797,87650681500,0.43677,0.19823,1.82227,0.34570,4,1,0.44140,0.26356,1,1.33750,0.48981,0,,0.33373,0.42503,11.90096,0.99211,1,0.66987,0.46718,11.77590,1.00619,1,0,0.00000,32,3.23120,1,3.20998,1,0.00000,0,0,0,0,0,0,1,1,0,0.00000,0,AOI 33-AOI 33,39.71812,200.55116,0,
3,LOVIN_MALTA_04_03_24_A.png,144,2.38086,87652817232,0.56252,0.27820,2.18359,0.19727,5,1,0.59249,0.31956,1,1.33750,0.48981,0,,0.33470,0.42808,11.38543,1.03494,1,0.67166,0.46981,11.34865,1.03494,1,0,0.00000,32,3.13967,1,3.09670,1,0.00000,0,0,0,0,0,0,1,1,0,0.00000,0,AOI 33-AOI 33,256.42282,340.31693,0,
3,LOVIN_MALTA_04_03_24_A.png,159,2.62695,87655279736,0.52881,0.25013,2.39746,0.22949,6,1,0.44037,0.17235,1,1.33750,0.48981,0,,0.32204,0.42726,11.05900,1.03494,1,0.65895,0.46557,11.23572,1.03494,1,0,0.00000,32,3.09111,1,3.14929,1,0.00000,0,0,0,0,0,0,1,1,0,0.00000,0,AOI 33-AOI 33,71.47117,154.90216,0,
3,LOVIN_MALTA_04_03_24_A.png,175,2.89062,87657910038,0.42005,0.13388,2.64355,0.24707,7,1,0.39475,0.09174,1,1.33750,0.48981,0,,0.32075,0.42599,10.39336,1.03494,1,0.65683,0.46428,11.49022,1.03494,1,0,0.00000,32,2.90329,1,3.06500,1,0.00000,0,0,0,0,0,0,1,1,0,0.00000,0,AOI 33-AOI 33,243.65610,148.98413,0,
3,LOVIN_MALTA_04_03_24_A.png,203,3.33594,87662367206,0.40915,0.05102,2.89453,0.44141,8,1,0.40976,-0.04618,1,1.33750,0.48981,0,,0.32468,0.42525,10.55018,1.12769,1,0.66114,0.46269,11.73325,1.14580,1,0,0.00000,32,3.08999,1,3.17052,1,0.00000,0,0,0,0,0,0,1,1,0,0.00000,0,AOI 33-AOI 33,91.90335,103.16271,0,
3,LOVIN_MALTA_04_03_24_A.png,221,3.64551,87665465689,0.43175,0.00847,3.36719,0.27832,9,1,0.38666,-0.18221,1,1.33750,0.48981,0,,0.32618,0.42453,10.71955,1.27932,1,0.66238,0.46314,12.09282,1.27932,1,0,0.00000,32,2.98618,1,3.32078,1,0.00000,0,0,0,0,0,0,1,1,0,0.00000,0,AOI 33-AOI 33,63.20315,46.64249,0,
3,LOVIN_MALTA_04_03_24_A.png,245,4.04004,87669408002,0.46683,0.07614,3.81055,0.22949,10,1,0.46645,0.07791,1,1.33750,0.48981,0,,0.32648,0.42639,10.85131,1.03494,1,0.66298,0.46447,11.85185,1.03494,1,0,0.00000,32,3.17996,1,3.23142,1,0.00000,0,0,0,0,0,0,1,1,0,0.00000,0,AOI 33-AOI 33,99.38670,312.66354,0,
3,LOVIN_MALTA_04_03_24_A.png,263,4.33594,87672362948,0.44818,0.10179,4.05664,0.27930,11,1,0.41336,0.15111,1,1.33750,0.48981,0,,0.32316,0.42772,10.70483,1.03494,1,0.65988,0.46668,11.25131,1.03494,1,0,0.00000,31,3.01241,1,2.99230,1,0.00000,0,0,0,0,0,0,1,1,0,0.00000,0,AOI 33-AOI 33,45.27270,217.72644,0,
3,LOVIN_MALTA_04_03_24_A.png,298,4.91113,87678115464,0.42127,0.14566,4.35254,0.55859,12,1,0.41193,0.19447,1,1.33750,0.48981,0,,0.32029,0.42955,11.06788,1.03494,1,0.65724,0.46800,11.01560,1.03494,1,0,0.00000,31,3.18044,1,2.82127,1,0.00000,0,0,0,0,0,0,1,1,0,0.00000,0,AOI 33-AOI 33,70.10220,222.52135,0,
3,LOVIN_MALTA_04_03_24_A.png,313,5.15723,87680578628,0.41642,0.10451,4.92773,0.22949,13,1,0.41457,0.12287,1,1.33750,0.48981,0,,0.32252,0.42944,10.43811,1.09074,1,0.65972,0.46919,9.58318,1.10885,1,0,0.00000,31,2.93934,1,2.95938,1,0.00000,0,0,0,0,0,0,1,1,0,0.00000,0,AOI 33-AOI 33,45.40710,101.83408,0,
3,LOVIN_MALTA_04_03_24_A.png,329,5.41992,87683209265,0.42403,0.17236,5.17383,0.24609,14,1,0.40481,0.12937,1,1.33750,0.48981,0,,0.32459,0.43230,9.80563,1.07682,1,0.66134,0.47158,10.51186,1.07682,1,0,0.00000,31,2.96679,1,2.87127,1,0.00000,0,0,0,0,0,0,1,1,0,0.00000,0,AOI 33-AOI 33,74.72050,281.27655,0,
3,LOVIN_MALTA_04_03_24_A.png,348,5.73242,87686330022,0.41867,0.20538,5.42285,0.30957,15,1,0.39990,0.19136,1,1.33750,0.48981,0,,0.32036,0.43562,8.84640,1.03494,1,0.65706,0.47195,10.24799,1.03494,1,0,0.00000,31,2.76561,1,2.82306,1,0.00000,0,0,0,0,0,0,1,1,0,0.00000,0,AOI 33-AOI 33,37.11683,253.90286,0,
3,LOVIN_MALTA_04_03_24_A.png,384,6.32422,87692243554,0.37532,0.46049,6.09375,0.23047,16,1,0.39944,0.54272,1,1.33750,0.48981,0,,0.31894,0.43670,8.79872,1.02028,1,0.65510,0.47402,9.80745,1.00619,1,0,0.00000,31,2.44176,1,2.61820,1,0.00000,0,0,0,0,0,0,1,1,0,0.00000,0,AOI 34-AOI 34,287.81622,253.19086,0,
3,LOVIN_MALTA_04_03_24_A.png,397,6.53711,87694380312,0.40731,0.67547,6.33984,0.19727,17,1,0.45980,0.86232,1,1.33750,0.48981,0,,0.31374,0.44766,8.29521,1.03494,1,0.65061,0.48435,10.12010,1.03494,1,0,0.00000,31,2.48262,1,2.59869,1,0.00000,0,0,0,0,0,0,1,1,0,0.00000,0,AOI 35-AOI 35,240.16519,284.81769,0,
3,LOVIN_MALTA_04_03_24_A.png,420,6.91504,87698158027,0.46387,0.79960,6.58887,0.32617,18,1,0.43660,0.70940,1,1.33750,0.48981,0,,0.31146,0.44619,9.77246,1.03494,1,0.64817,0.48310,10.38020,1.03494,1,0,0.00000,31,2.59437,1,2.94179,1,0.00000,0,0,0,0,0,0,1,1,0,0.00000,0,AOI 35-AOI 35,172.52567,309.00906,0,
3,LOVIN_MALTA_04_03_24_A.png,441,7.24609,87701470806,0.40331,0.78023,6.93164,0.31445,19,1,0.43094,0.81555,1,1.33750,0.48981,0,,0.31936,0.44550,8.88403,1.03494,1,0.65581,0.48442,9.98577,1.03494,1,0,0.00000,31,2.41524,1,2.83932,1,0.00000,0,0,0,0,0,0,1,1,0,0.00000,0,AOI 35-AOI 35,118.14204,169.80077,0,
3,LOVIN_MALTA_04_03_24_A.png,455,7.49023,87703907721,0.48152,0.90320,7.27637,0.21387,20,1,0.49571,0.88411,1,1.33750,0.48981,0,,0.32210,0.44773,9.43770,1.09148,1,0.65950,0.48802,11.92021,1.09148,1,0,0.00000,31,3.36283,1,3.13685,1,0.00000,0,0,0,0,0,0,1,1,0,0.00000,0,AOI 36-AOI 36,200.46655,318.50974,0,
3,LOVIN_MALTA_04_03_24_A.png,460,7.57227,87704728744,0.48085,0.84512,7.49219,0.08008,21,1,0.43481,0.39831,1,1.33750,0.48981,0,,0.32251,0.43835,9.02116,1.07264,1,0.65728,0.47637,10.31055,1.07264,1,0,0.00000,31,2.54388,1,3.06446,1,0.00000,0,0,0,0,0,0,1,1,0,0.00000,0,AOI 36-AOI 36,62.73957,91.17484,0,
3,LOVIN_MALTA_04_03_24_A.png,504,8.29492,87711958324,0.51189,-0.09953,8.08203,0.21289,22,1,0.43444,-0.18010,1,1.33750,0.48981,0,,0.32430,0.42744,10.79335,1.16391,1,0.66099,0.46472,11.23817,1.14580,1,0,0.00000,32,2.96700,1,3.06365,1,0.00000,0,0,0,0,0,0,1,1,0,0.00000,0,,1021.96118,86.65684,0,
3,LOVIN_MALTA_04_03_24_A.png,527,8.65820,87715590903,0.40969,0.00058,8.36133,0.29688,23,1,0.37366,-0.06589,1,1.33750,0.48981,0,,0.32959,0.42395,10.77666,1.09000,1,0.66726,0.46386,11.99616,1.07189,1,0,0.00000,32,2.94234,1,3.07246,1,0.00000,0,0,0,0,0,0,1,1,0,0.00000,0,AOI 33-AOI 33,224.03912,208.85461,0,
3,LOVIN_MALTA_04_03_24_A.png,558,9.16797,87720682732,0.47988,-0.03052,8.67773,0.49023,24,1,0.47297,-0.12303,1,1.33750,0.48981,0,,0.33046,0.42602,11.17704,1.10736,1,0.66825,0.46467,11.85051,1.10736,1,0,0.00000,32,3.23456,1,3.19289,1,0.00000,0,0,0,0,0,0,1,1,0,0.00000,0,,138.88742,13.99494,0,
3,LOVIN_MALTA_04_03_24_A.png,572,9.41211,87723129492,0.36163,-0.06969,9.19922,0.21289,25,1,0.23748,-0.09518,1,1.33750,0.48981,0,,0.32242,0.42416,12.08912,1.03494,1,0.65972,0.46364,11.14572,1.03494,1,0,0.00000,32,3.53924,1,3.24731,1,0.00000,0,0,0,0,0,0,1,1,0,0.00000,0,,230.94756,169.44531,0,
3,LOVIN_MALTA_04_03_24_A.png,585,9.62598,87725265096,0.36216,0.06058,9.42871,0.19727,26,1,0.42107,0.17498,1,1.33750,0.48981,0,,0.32859,0.43045,11.84201,1.03494,1,0.66652,0.46928,11.68737,1.03494,1,0,0.00000,32,3.17200,1,3.02774,1,0.00000,0,0,0,0,0,0,1,1,0,0.00000,0,,140.69527,270.41440,0,
3,LOVIN_MALTA_04_03_24_A.png,597,9.81055,87727108741,0.42689,0.23115,9.69141,0.11914,27,1,0.45164,0.30861,0,1.33750,0.48981,0,,0.33306,0.42954,10.21102,1.18276,0,0.67226,0.47122,8.91035,1.18276,0,993,0.00000,32,2.95982,0,3.16055,0,0.00000,0,0,0,0,0,0,1,1,0,0.00000,0,AOI 33-AOI 33,222.21907,304.00568,0,
4,MALTA_TODAY_14_03_24_A.png,22,0.37598,87732986642,0.45497,0.16414,0.11230,0.26367,2,1,0.44592,0.10518,1,1.33750,0.48981,0,,0.33856,0.42670,12.59327,1.02028,1,0.67486,0.46820,12.68302,1.02028,1,0,0.00000,32,3.30936,1,3.28455,1,0.00000,0,0,0,0,0,0,1,1,0,0.00000,0,,90.24529,53.31522,0,
4,MALTA_TODAY_14_03_24_A.png,43,0.72070,87736436313,0.24012,0.08912,0.44141,0.27930,3,1,0.14338,0.17417,1,1.33750,0.48981,0,,0.32767,0.42674,6.21745,1.07115,0,0.66363,0.46683,8.26235,1.05304,1,0,0.00000,32,2.03450,0,2.91159,1,0.00000,0,0,0,0,0,0,1,1,0,0.00000,0,,420.39346,168.88797,0,
4,MALTA_TODAY_14_03_24_A.png,87,1.44336,87743665399,0.33850,0.07779,1.18066,0.26270,4,1,0.34765,0.15791,1,1.33750,0.48981,0,,0.32049,0.42572,9.62110,0.93405,1,0.65870,0.46324,10.01372,0.94813,1,0,0.00000,32,3.22176,1,2.92022,1,0.00000,0,0,0,0,0,0,1,1,0,0.00000,0,AOI 37-AOI 37,189.28552,3.70648,0,
4,MALTA_TODAY_14_03_24_A.png,103,1.70605,87746294190,0.40745,0.10496,1.45996,0.24609,5,1,0.46299,0.09764,1,1.33750,0.48981,0,,0.32632,0.42348,10.54864,1.03494,1,0.66424,0.46232,10.79156,1.03494,1,0,0.00000,32,3.04609,1,3.03263,1,0.00000,0,0,0,0,0,0,1,1,0,0.00000,0,AOI 38-AOI 38,135.59706,347.50214,0,
4,MALTA_TODAY_14_03_24_A.png,131,2.16602,87750894264,0.40944,0.14503,1.77246,0.39355,6,1,0.40288,0.23968,1,1.33750,0.48981,0,,0.32722,0.42571,11.21997,1.05304,1,0.66537,0.46533,11.55332,1.03494,1,0,0.00000,31,2.98686,1,3.02037,1,0.00000,0,0,0,0,0,0,1,1,0,0.00000,0,AOI 38-AOI 38,43.44394,275.04565,0,
4,MALTA_TODAY_14_03_24_A.png,144,2.37988,87753030129,0.53724,0.15451,2.18262,0.19727,7,1,0.57242,0.19233,1,1.33750,0.48981,0,,0.33895,0.42367,10.88845,1.03494,1,0.67715,0.46489,11.95382,1.03494,1,0,0.00000,31,3.08633,1,3.10844,1,0.00000,0,0,0,0,0,0,1,1,0,0.00000,0,AOI 38-AOI 38,245.58954,357.61069,0,
4,MALTA_TODAY_14_03_24_A.png,160,2.62891,87755523170,0.58827,0.12861,2.38184,0.24707,8,1,0.57500,0.05449,1,1.33750,0.48981,0,,0.33489,0.42204,11.47238,1.07115,1,0.67292,0.46245,12.49860,1.05304,1,0,0.00000,31,3.14724,1,3.24029,1,0.00000,0,0,0,0,0,0,1,1,0,0.00000,0,AOI 38-AOI 38,101.89225,15.93373,0,
4,MALTA_TODAY_14_03_24_A.png,184,3.03711,87759602481,0.55588,0.03965,2.63965,0.39746,9,1,0.55348,-0.02064,1,1.33750,0.48981,0,,0.33138,0.42192,10.89245,1.07115,1,0.66956,0.46234,11.94650,1.05304,1,0,0.00000,30,3.19413,1,3.19128,1,0.00000,0,0,0,0,0,0,1,1,0,0.00000,0,AOI 37-AOI 37,114.44731,122.91422,0,
4,MALTA_TODAY_14_03_24_A.png,202,3.33301,87762558342,0.47303,-0.03109,3.05371,0.27930,10,1,0.37541,-0.04885,1,1.33750,0.48981,0,,0.32252,0.42521,12.17642,1.09000,1,0.66009,0.46178,12.02824,1.10810,1,0,0.00000,30,3.43247,1,3.14603,1,0.00000,0,0,0,0,0,0,1,1,0,0.00000,0,,176.46747,154.34593,0,
4,MALTA_TODAY_14_03_24_A.png,223,3.67773,87766009171,0.39356,-0.05926,3.33496,0.34277,11,1,0.39907,-0.07108,0,1.33750,0.48981,0,,0.32021,0.42791,10.66096,1.11033,0,0.65727,0.46602,11.42743,1.11033,0,995,0.00000,30,3.24529,0,3.08216,0,0.00000,0,0,0,0,0,0,1,1,0,0.00000,0,,155.58594,168.72360,0,
4,MALTA_TODAY_14_03_24_A.png,253,4.15527,87770787094,0.49014,0.04540,3.94043,0.21484,12,1,0.54263,-0.00367,1,1.33750,0.48981,0,,0.32575,0.42697,11.67522,1.15564,1,0.66365,0.46436,12.18795,1.17978,1,0,0.00000,31,2.98896,1,3.28447,1,0.00000,0,0,0,0,0,0,1,1,0,0.00000,0,AOI 37-AOI 37,217.16821,328.63519,0,
4,MALTA_TODAY_14_03_24_A.png,267,4.38477,87773079900,0.53894,-0.02869,4.22168,0.16309,13,1,0.53301,0.08548,0,1.33750,0.48981,0,,0.32995,0.42964,8.69216,1.10736,0,0.66723,0.46493,9.91750,1.10736,0,996,0.00000,31,2.37755,0,2.96931,0,0.00000,0,0,0,0,0,0,1,1,0,0.00000,0,,123.21400,40.49762,0,
4,MALTA_TODAY_14_03_24_A.png,302,4.97559,87778985985,0.32916,0.12746,4.76172,0.21387,14,1,0.25815,0.06509,1,1.33750,0.48981,0,,0.68369,0.48025,9.77571,1.16391,1,0.66723,0.46493,9.91750,1.16391,0,0,0.00000,31,3.01972,1,2.96931,0,0.00000,0,0,0,0,0,0,1,1,0,0.00000,0,AOI 38-AOI 38,436.65765,202.71893,0,
4,MALTA_TODAY_14_03_24_A.png,317,5.21484,87781374710,0.23990,0.07452,4.97559,0.23926,15,1,0.25881,0.05761,0,1.33750,0.48981,0,,0.34764,0.43295,7.93114,1.11033,0,0.68241,0.47922,9.75106,1.11033,0,997,0.00000,31,2.54100,0,2.83389,0,0.00000,0,0,0,0,0,0,1,1,0,0.00000,0,,180.66499,161.55037,0,
4,MALTA_TODAY_14_03_24_A.png,356,5.84668,87787700293,0.39025,0.53178,5.58301,0.26367,16,1,0.37143,0.64884,1,1.33750,0.48981,0,,0.64190,0.47903,9.64967,1.03494,1,0.68241,0.47922,9.75106,1.03494,0,0,0.00000,31,2.75922,1,2.83389,0,0.00000,0,0,0,0,0,0,1,1,0,0.00000,0,AOI 39-AOI 39,572.02295,300.30820,0,
4,MALTA_TODAY_14_03_24_A.png,382,6.29004,87792129933,0.41318,0.27686,6.06152,0.22852,17,1,0.31187,0.28983,1,1.33750,0.48981,0,,0.32286,0.43248,7.74972,1.07115,1,0.65997,0.47225,10.16375,1.05304,1,0,0.00000,31,2.30333,1,2.83947,1,0.00000,0,0,0,0,0,0,1,1,0,0.00000,0,AOI 39-AOI 39,278.81146,80.91470,0,
4,MALTA_TODAY_14_03_24_A.png,402,6.61816,87795415394,0.42563,0.26497,6.40527,0.21289,18,1,0.51698,0.09227,1,1.33750,0.48981,0,,0.32378,0.42735,9.45820,1.03494,1,0.66135,0.46500,10.86673,1.03494,1,0,0.00000,31,2.91788,1,2.97845,1,0.00000,0,0,0,0,0,0,1,1,0,0.00000,0,AOI 39-AOI 39,27.13479,28.24462,0,
4,MALTA_TODAY_14_03_24_A.png,421,6.93066,87798537301,0.47308,0.16427,6.68457,0.24609,19,1,0.37133,0.17139,1,1.33750,0.48981,0,,0.31074,0.43007,11.24820,1.09149,1,0.64868,0.46547,11.58772,1.09149,1,0,0.00000,31,2.91042,1,3.03724,1,0.00000,0,0,0,0,0,0,1,1,0,0.00000,0,,141.87250,50.04737,0,
4,MALTA_TODAY_14_03_24_A.png,439,7.22656,87801494362,0.47027,0.22633,6.99609,0.23047,20,1,0.56047,0.15173,1,1.33750,0.48981,0,,0.31517,0.43329,11.10172,1.03494,1,0.65373,0.46953,11.85776,1.03494,1,0,0.00000,30,3.12287,1,3.13517,1,0.00000,0,0,0,0,0,0,1,1,0,0.00000,0,AOI 39-AOI 39,67.24159,265.39786,0,
4,MALTA_TODAY_14_03_24_A.png,453,7.43945,87803625250,0.61626,0.27377,7.22852,0.21094,21,1,0.66680,0.22916,1,1.33750,0.48981,0,,0.31598,0.43238,10.56389,1.10736,1,0.65503,0.46816,10.97014,1.10736,1,0,0.00000,30,2.80494,1,3.09307,1,0.00000,0,0,0,0,0,0,1,1,0,0.00000,0,AOI 41-AOI 41,284.94492,349.64145,0,
4,MALTA_TODAY_14_03_24_A.png,473,7.78516,87807079242,0.64420,0.21962,7.44727,0.33789,22,1,0.62199,0.16994,1,1.33750,0.48981,0,,0.31971,0.42910,9.82225,1.08925,1,0.65905,0.46571,11.44214,1.10736,1,0,0.00000,29,3.05504,1,2.85290,1,0.00000,0,0,0,0,0,0,1,1,0,0.00000,0,AOI 41-AOI 41,79.35934,47.47025,0,
4,MALTA_TODAY_14_03_24_A.png,493,8.11328,87810366978,0.65191,0.16673,7.78711,0.32617,23,1,0.70206,0.07282,1,1.33750,0.48981,0,,0.32669,0.42783,9.67685,1.18276,1,0.66616,0.46531,9.92950,1.18276,1,0,0.00000,29,2.81951,1,2.99477,1,0.00000,0,0,0,0,0,0,1,1,0,0.00000,0,,59.00819,75.47116,0,
4,MALTA_TODAY_14_03_24_A.png,513,8.44238,87813650023,0.65912,0.21653,8.12988,0.31250,24,1,0.64093,0.21855,0,1.33750,0.48981,0,,0.32897,0.42883,8.16514,1.03494,0,0.66594,0.46854,6.62513,1.03494,0,998,0.00000,29,2.65331,0,2.86313,0,0.00000,0,0,0,0,0,0,1,1,0,0.00000,0,AOI 41-AOI 41,55.53696,284.43384,0,
4,MALTA_TODAY_14_03_24_A.png,532,8.75391,87816772296,0.36796,0.33589,8.65527,0.09863,25,1,0.42825,0.38584,0,1.33750,0.48981,0,,0.31942,0.42910,7.02666,1.10736,0,0.65922,0.46649,9.46012,1.10736,0,0,0.00000,29,2.40354,0,2.55990,0,0.00000,0,0,0,0,0,0,1,1,0,0.00000,0,AOI 39-AOI 39,573.69763,192.98512,0,
4,MALTA_TODAY_14_03_24_A.png,611,10.05176,87829750852,0.50684,0.29099,9.85449,0.19727,26,1,0.52013,0.33295,1,1.33750,0.48981,0,,0.31682,0.42290,8.94898,1.02028,1,0.65747,0.46046,10.41542,1.02028,1,0,0.00000,28,2.65925,1,2.75708,1,0.00000,0,0,0,0,0,0,1,1,0,0.00000,0,AOI 39-AOI 39,271.02304,10.30698,0,
2,INDEPENDENT_14_03_24_A.png,12,0.19727,87831886239,0.50769,0.26915,0.00000,0.19726,1,1,0.50289,0.27560,1,1.33750,0.48981,0,,0.31594,0.42538,9.07857,1.03494,1,0.65619,0.46141,10.76346,1.03494,1,0,0.00000,28,2.57052,1,2.97267,1,0.00000,0,0,0,0,0,0,1,1,0,0.00000,0,AOI 29-AOI 29,23.64361,86.04197,0,
2,INDEPENDENT_14_03_24_A.png,27,0.44336,87834350240,0.42877,0.26058,0.21387,0.22949,2,1,0.32666,0.18132,1,1.33750,0.48981,0,,0.31248,0.42432,9.38141,1.03494,1,0.65228,0.46017,10.21210,1.03494,1,0,0.00000,28,2.81740,1,2.94195,1,0.00000,0,0,0,0,0,0,1,1,0,0.00000,0,AOI 29-AOI 29,151.80884,176.50458,0,
2,INDEPENDENT_14_03_24_A.png,59,0.95508,87839466821,0.36749,0.23990,0.50977,0.44531,3,1,0.41707,0.13720,1,1.33750,0.48981,0,,0.31210,0.42576,8.81814,0.99440,0,0.65496,0.46140,8.88625,0.97630,1,0,0.00000,28,2.56600,0,2.79158,1,0.00000,0,0,0,0,0,0,1,1,0,0.00000,0,,119.75866,169.25168,0,
2,INDEPENDENT_14_03_24_A.png,114,1.87305,87848643172,0.37862,0.25345,1.77441,0.09863,4,1,0.35515,0.24460,0,1.33750,0.48981,0,,0.30989,0.42338,10.28424,1.03494,0,0.64922,0.45336,11.14962,1.03494,0,0,0.00000,29,2.60180,0,2.82143,0,0.00000,0,0,0,0,0,0,1,1,0,0.00000,0,AOI 29-AOI 29,25.90006,325.59637,0,
2,INDEPENDENT_14_03_24_A.png,155,2.54688,87855379507,0.39476,0.23932,2.16895,0.37793,5,1,0.36558,0.24988,1,1.33750,0.48981,0,,0.32107,0.41677,7.99847,1.03494,1,0.65766,0.46026,8.81646,1.03494,1,0,0.00000,29,2.70688,1,2.74087,1,0.00000,0,0,0,0,0,0,1,1,0,0.00000,0,,34.54255,26.21787,0,
2,INDEPENDENT_14_03_24_A.png,187,3.07227,87860636338,0.41681,0.29312,2.56348,0.50879,6,1,0.45919,0.18896,1,1.33750,0.48981,0,,0.32074,0.41891,8.23770,1.10736,1,0.65770,0.46087,10.05472,1.10736,1,0,0.00000,29,2.69859,1,2.69277,1,0.00000,0,0,0,0,0,0,1,1,0,0.00000,0,AOI 29-AOI 29,71.89167,306.07800,0,
2,INDEPENDENT_14_03_24_A.png,214,3.51562,87865073700,0.40622,0.27162,3.08887,0.42676,7,1,0.39333,0.35087,0,1.33750,0.48981,0,,0.31907,0.41818,7.76304,1.03494,0,0.65773,0.45929,10.56821,1.03494,0,1000,0.00000,29,2.87769,0,2.72914,0,0.00000,0,0,0,0,0,0,1,1,0,0.00000,0,AOI 29-AOI 29,30.86409,131.20734,0,
2,INDEPENDENT_14_03_24_A.png,248,4.07422,87870657694,0.45519,0.23777,3.67969,0.39453,8,1,0.47410,0.31342,1,1.33750,0.48981,0,,0.32145,0.41755,9.96350,0.99096,1,0.66049,0.45926,10.48727,0.99096,1,0,0.00000,30,2.86543,1,2.84090,1,0.00000,0,0,0,0,0,0,1,1,0,0.00000,0,,100.87963,21.24719,0,
2,INDEPENDENT_14_03_24_A.png,267,4.38672,87873780162,0.47096,0.25899,4.09082,0.29590,9,1,0.48041,0.09125,1,1.33750,0.48981,0,,0.32286,0.41696,9.49149,1.14506,1,0.66229,0.45919,10.42712,1.14506,1,0,0.00000,30,3.03121,1,2.89811,1,0.00000,0,0,0,0,0,0,1,1,0,0.00000,0,AOI 29-AOI 29,37.97363,322.87805,0,
2,INDEPENDENT_14_03_24_A.png,286,4.69922,87876902580,0.51947,0.21377,4.38867,0.31055,10,1,0.54235,0.20870,1,1.33750,0.48981,0,,0.32448,0.41867,9.18401,1.09149,1,0.66473,0.46033,10.48461,1.09149,1,0,0.00000,30,2.57259,1,2.80035,1,0.00000,0,0,0,0,0,0,1,1,0,0.00000,0,,105.16660,27.67031,0,
2,INDEPENDENT_14_03_24_A.png,301,4.93066,87879225304,0.54428,0.22420,4.70117,0.22949,11,1,0.53607,0.15639,1,1.33750,0.48981,0,,0.32352,0.41691,8.21972,1.03494,1,0.66328,0.45917,10.97075,1.03494,1,0,0.00000,30,2.63554,1,2.82213,1,0.00000,0,0,0,0,0,0,1,1,0,0.00000,0,,48.94899,346.69556,0,
2,INDEPENDENT_14_03_24_A.png,345,5.68457,87886758797,0.54955,0.24783,5.06055,0.62402,12,1,0.41748,0.28273,1,1.33750,0.48981,0,,0.32042,0.41790,8.98440,1.00677,1,0.66013,0.45944,10.69644,0.99269,1,0,0.00000,29,3.08197,1,2.98301,1,0.00000,0,0,0,0,0,0,1,1,0,0.00000,0,,27.45311,291.62750,0,
2,INDEPENDENT_14_03_24_A.png,378,6.20312,87891945838,0.35015,0.25705,5.75000,0.45312,13,1,0.32369,0.17474,1,1.33750,0.48981,0,,0.31301,0.41804,10.80265,1.11304,1,0.65334,0.45733,10.64967,1.13114,1,0,0.00000,29,2.81618,1,2.89125,1,0.00000,0,0,0,0,0,0,1,1,0,0.00000,0,AOI 25-AOI 25,382.97751,181.48990,0,
2,INDEPENDENT_14_03_24_A.png,406,6.67188,87896630611,0.35537,0.23127,6.24316,0.42871,14,1,0.40770,0.21367,1,1.33750,0.48981,0,,0.31248,0.41781,9.53446,1.02086,1,0.65297,0.45723,9.93393,1.03494,1,0,0.00000,29,2.87628,1,2.80510,1,0.00000,0,0,0,0,0,0,1,1,0,0.00000,0,,29.59135,70.20270,0,
2,INDEPENDENT_14_03_24_A.png,421,6.93262,87899245051,0.47433,0.17944,6.70312,0.22949,15,1,0.52831,0.13752,1,1.33750,0.48981,0,,0.31897,0.41728,9.28845,1.03494,1,0.65999,0.45704,10.09492,1.03494,1,0,0.00000,29,3.00033,1,2.89172,1,0.00000,0,0,0,0,0,0,1,1,0,0.00000,0,,235.16251,13.77046,0,
2,INDEPENDENT_14_03_24_A.png,435,7.16309,87901543730,0.41675,0.14744,6.94922,0.21387,16,1,0.37164,0.21597,1,1.33750,0.48981,0,,0.31482,0.41677,9.59787,1.02028,1,0.65581,0.45738,10.21428,1.02028,1,0,0.00000,29,2.65262,1,2.80994,1,0.00000,0,0,0,0,0,0,1,1,0,0.00000,0,,115.82957,162.64030,0,
2,INDEPENDENT_14_03_24_A.png,451,7.42578,87904172653,0.35354,0.27101,7.17969,0.24609,17,1,0.35717,0.33556,1,1.33750,0.48981,0,,0.31565,0.41660,9.88733,0.97687,1,0.65653,0.45822,10.72561,0.99096,1,0,0.00000,28,2.73047,1,2.71386,1,0.00000,0,0,0,0,0,0,1,1,0,0.00000,0,,180.38690,227.71693,0,
2,INDEPENDENT_14_03_24_A.png,459,7.55762,87905487245,0.36451,0.27224,7.44238,0.11523,18,1,0.35276,0.27490,0,1.33750,0.48981,0,,0.31565,0.41660,9.88733,1.03494,0,0.65633,0.45911,6.75255,1.03494,0,1001,0.00000,28,2.73047,0,2.77222,0,0.00000,0,0,0,0,0,0,1,1,0,0.00000,0,AOI 29-AOI 29,21.10423,356.39114,0,
2,INDEPENDENT_14_03_24_A.png,488,8.04980,87910417001,0.37697,0.56303,7.77051,0.27930,19,1,0.43130,0.29334,0,1.33750,0.48981,0,,0.30916,0.42629,5.85085,1.03494,0,0.65273,0.46305,6.74704,1.03494,0,0,0.00000,29,2.44188,0,2.29868,0,0.00000,0,0,0,0,0,0,1,1,0,0.00000,0,AOI 30-AOI 30,314.96304,274.35614,0,
2,INDEPENDENT_14_03_24_A.png,607,10.00488,87929965371,0.40474,0.23185,9.15039,0.85449,20,1,0.40427,0.27601,1,1.33750,0.48981,0,,0.31431,0.42144,8.60070,1.00562,1,0.65543,0.46154,10.00084,1.00562,1,0,0.00000,28,2.50875,1,2.88931,1,0.00000,0,0,0,0,0,0,1,1,0,0.00000,0,,361.62662,81.52137,0,