MEDIA_ID,MEDIA_NAME,CNT,TIME(2024/05/07 14:05:27.460),TIMETICK(f=10000000),FPOGX,FPOGY,FPOGS,FPOGD,FPOGID,FPOGV,BPOGX,BPOGY,BPOGV,CX,CY,CS,USER,LPCX,LPCY,LPD,LPS,LPV,RPCX,RPCY,RPD,RPS,RPV,BKID,BKDUR,BKPMIN,LPMM,LPMMV,RPMM,RPMMV,DIAL,DIALV,GSR,GSRV,HR,HRV,HRP,TTL0,TTL1,TTLV,PIXS,PIXV,AOI,SACCADE_MAG,SACCADE_DIR,VID_FRAME,
0,DESKTOP_A.png,2,0.03320,89783437332,0.38382,0.01596,0.00000,0.03320,1,1,0.37888,0.00114,1,0.37292,0.08148,0,,0.20985,0.57786,13.56317,1.04567,1,0.55226,0.57473,13.01812,1.05902,1,0,0.00000,12,4.01680,1,3.77483,1,0.00000,0,0,0,0,0,0,1,1,0,0.00000,0,AOI 5-AOI 5,0.00000,0.00000,0,
0,DESKTOP_A.png,16,0.26270,89785737263,0.38887,0.04730,0.04980,0.21289,2,1,0.42450,0.35017,1,0.87031,0.19722,0,,0.20708,0.59289,15.17234,1.06101,1,0.54854,0.58615,14.53583,1.04766,1,0,0.00000,12,4.26923,1,3.99508,1,0.00000,0,0,0,0,0,0,1,1,0,0.00000,0,AOI 5-AOI 5,35.20859,285.98508,0,
0,DESKTOP_A.png,38,0.61230,89789228394,0.41745,0.31703,0.32910,0.28320,3,1,0.23511,0.10859,1,1.20938,0.25185,0,,0.19490,0.58524,13.34318,1.09311,1,0.53599,0.57896,13.88664,1.07976,1,0,0.00000,12,3.91108,1,3.84295,1,0.00000,0,0,0,0,0,0,1,1,0,0.00000,0,AOI 0-AOI 0,296.43164,280.66779,0,
0,DESKTOP_A.png,55,0.90332,89792143935,0.35238,0.08536,0.69043,0.21289,4,1,0.70139,0.00613,1,1.28437,0.27593,0,,0.21519,0.58499,12.51480,1.13317,1,0.53858,0.57885,11.23952,1.13317,0,0,0.00000,12,3.43324,1,3.74227,0,0.00000,0,0,0,0,0,0,1,1,0,0.00000,0,AOI 5-AOI 5,279.66132,116.53437,0,
0,DESKTOP_A.png,71,1.16699,89794773774,0.46543,0.04824,0.95312,0.21387,5,1,0.21269,0.10291,1,1.57135,0.31204,0,,0.19244,0.58711,12.16772,1.07436,1,0.53485,0.58028,12.64636,1.08772,1,0,0.00000,12,3.61324,1,3.46301,1,0.00000,0,0,0,0,0,0,1,1,0,0.00000,0,AOI 5-AOI 5,220.72714,10.46443,0,
0,DESKTOP_A.png,101,1.64355,89799540663,0.20006,0.12097,1.23242,0.41113,6,1,0.20476,0.08861,1,1.57292,0.30370,0,,0.19361,0.58446,12.65884,1.07976,1,0.53683,0.57829,13.88587,1.07976,1,0,0.00000,12,3.77541,1,3.86707,1,0.00000,0,0,0,0,0,0,1,1,0,0.00000,0,,515.52954,188.76396,0,
0,DESKTOP_A.png,105,1.72656,89800370320,0.26680,0.10762,1.67578,0.05078,7,1,0.42060,0.16891,1,1.57292,0.30370,0,,0.20035,0.58551,12.40406,1.07976,1,0.54404,0.58017,12.74448,1.07976,1,0,0.00000,12,3.91869,1,4.46839,1,0.00000,0,0,0,0,0,0,1,1,0,0.00000,0,AOI 5-AOI 5,128.94936,6.41974,0,
0,DESKTOP_A.png,124,2.03711,89803481165,0.51111,0.29622,1.79102,0.24609,8,1,0.51071,0.39230,1,1.57292,0.30370,0,,0.21060,0.59498,14.41010,1.12067,1,0.55295,0.58913,14.56583,1.12067,1,0,0.00000,12,4.04233,1,3.72936,1,0.00000,0,0,0,0,0,0,1,1,0,0.00000,0,AOI 1-AOI 1,511.39066,336.52792,0,
0,DESKTOP_A.png,137,2.25098,89805617210,0.60561,0.19568,2.05371,0.19727,9,1,0.71143,0.14290,1,1.57292,0.30370,0,,0.21987,0.58525,13.52016,1.02012,1,0.56233,0.57993,13.92263,0.99564,1,0,0.00000,12,3.86810,1,3.92817,1,0.00000,0,0,0,0,0,0,1,1,0,0.00000,0,,211.44923,30.89851,0,
0,DESKTOP_A.png,163,2.67773,89809887818,0.71867,0.13569,2.26758,0.41016,10,1,0.74595,0.22652,1,1.57292,0.30370,0,,0.22332,0.58739,13.48653,1.04614,1,0.56668,0.58306,12.92783,1.05727,1,0,0.00000,12,3.71561,1,3.75950,1,0.00000,0,0,0,0,0,0,1,1,0,0.00000,0,,226.53760,16.61849,0,
0,DESKTOP_A.png,182,2.99023,89813010076,0.69575,0.45261,2.72949,0.26074,11,1,0.52524,0.61803,1,1.57292,0.30370,0,,0.20940,0.60268,13.46641,1.01229,1,0.55156,0.59680,13.23567,1.00116,1,0,0.00000,11,3.52366,1,3.72070,1,0.00000,0,0,0,0,0,0,1,1,0,0.00000,0,AOI 9-AOI 9,345.09097,262.67361,0,
0,DESKTOP_A.png,203,3.33496,89816459663,0.49152,0.64879,3.03613,0.29883,12,1,0.48471,0.70650,1,1.57292,0.30370,0,,0.20643,0.60615,12.82018,1.08928,1,0.55017,0.60023,13.60297,1.08928,1,0,0.00000,11,3.42896,1,3.35854,1,0.00000,0,0,0,0,0,0,1,1,0,0.00000,0,AOI 3-AOI 3,445.70181,208.38362,0,
0,DESKTOP_A.png,224,3.68066,89819909391,0.51282,0.68405,3.35156,0.32910,13,1,0.54278,0.65749,1,1.57292,0.30370,0,,0.21099,0.60818,12.24163,1.09936,1,0.55477,0.60215,12.53897,1.08824,1,0,0.00000,11,3.15269,1,3.27145,1,0.00000,0,0,0,0,0,0,1,1,0,0.00000,0,AOI 3-AOI 3,55.88054,317.04144,0,
0,DESKTOP_A.png,244,4.00879,89823194531,0.57815,0.67707,3.69629,0.31250,14,1,0.72191,0.72355,1,1.57292,0.30370,0,,0.21946,0.60970,12.58560,1.06101,1,0.56330,0.60447,13.50144,1.04766,1,0,0.00000,11,3.49647,1,3.35473,1,0.00000,0,0,0,0,0,0,1,1,0,0.00000,0,AOI 3-AOI 3,125.65992,3.43929,0,
0,DESKTOP_A.png,278,4.56738,89828781160,0.72210,0.71184,4.07422,0.49316,15,1,0.71710,0.65287,1,1.57292,0.30370,0,,0.21596,0.60456,12.94790,1.00116,1,0.56067,0.60002,14.82850,1.01229,1,0,0.00000,10,5.05491,1,4.54656,1,0.00000,0,0,0,0,0,0,1,1,0,0.00000,0,AOI 4-AOI 4,278.92337,352.26276,0,
0,DESKTOP_A.png,296,4.86328,89831737192,0.51508,0.30238,4.63281,0.23047,16,1,0.49830,0.35977,1,1.57292,0.30370,0,,0.20694,0.60381,14.73858,1.07976,1,0.55233,0.59761,14.43910,1.07976,1,0,0.00000,10,3.85879,1,3.89840,1,0.00000,0,0,0,0,0,0,1,1,0,0.00000,0,AOI 1-AOI 1,594.59637,131.95021,0,
0,DESKTOP_A.png,335,5.50391,89838146425,0.19284,0.56921,4.96191,0.54199,17,1,0.23413,0.56273,1,1.57292,0.30370,0,,0.19086,0.61255,14.20824,1.03525,1,0.53598,0.60082,13.69609,1.04638,1,0,0.00000,10,3.99441,1,3.54741,1,0.00000,0,0,0,0,0,0,1,1,0,0.00000,0,AOI 0-AOI 0,682.52203,204.97501,0,
0,DESKTOP_A.png,356,5.84863,89841594073,0.26129,0.53678,5.52051,0.32812,18,1,0.29019,0.52498,1,1.57292,0.30370,0,,0.19223,0.61217,14.27124,1.07976,1,0.53773,0.60023,13.57222,1.09311,1,0,0.00000,10,3.77171,1,3.50657,1,0.00000,0,0,0,0,0,0,1,1,0,0.00000,0,AOI 0-AOI 0,136.01097,14.92244,0,
0,DESKTOP_A.png,386,6.34180,89846524421,0.34269,0.56086,5.86523,0.47656,19,1,0.18743,0.61047,1,1.57292,0.30370,0,,0.18782,0.61396,13.80789,0.98980,1,0.53344,0.60215,13.83784,1.00092,1,0,0.00000,10,4.24626,1,3.61576,1,0.00000,0,0,0,0,0,0,1,1,0,0.00000,0,AOI 0-AOI 0,158.43692,350.55252,0,
0,DESKTOP_A.png,408,6.68652,89849976865,0.20008,0.58840,6.40723,0.27930,20,1,0.26260,0.58255,1,1.57292,0.30370,0,,0.18822,0.61500,13.86914,1.09709,1,0.53383,0.59913,13.23682,1.08374,1,0,0.00000,10,3.91483,1,3.47453,1,0.00000,0,0,0,0,0,0,1,1,0,0.00000,0,AOI 11-AOI 11,275.42188,186.19955,0,
0,DESKTOP_A.png,428,7.03125,89853423399,0.29425,0.59061,6.71973,0.31152,21,1,0.33722,0.58984,1,1.57292,0.30370,0,,0.19268,0.61301,13.82380,1.04567,1,0.53865,0.59848,13.06691,1.05902,1,0,0.00000,10,3.91576,1,3.37365,1,0.00000,0,0,0,0,0,0,1,1,0,0.00000,0,AOI 11-AOI 11,180.82216,359.24368,0,
0,DESKTOP_A.png,443,7.27832,89855886978,0.38845,0.54805,7.03223,0.24609,22,1,0.47113,0.43300,1,1.57292,0.30370,0,,0.19904,0.60891,13.29096,1.06863,1,0.54411,0.59561,12.94584,1.06863,1,0,0.00000,10,4.18818,1,3.88959,1,0.00000,0,0,0,0,0,0,1,1,0,0.00000,0,AOI 0-AOI 0,186.61333,14.25930,0,
0,DESKTOP_A.png,484,7.95117,89862622845,0.50441,0.37984,7.34375,0.60742,23,1,0.51248,0.40036,1,1.57292,0.30370,0,,0.20292,0.60848,13.93403,1.03431,1,0.54879,0.59391,13.13057,1.03431,1,0,0.00000,9,3.89457,1,3.85801,1,0.00000,0,0,0,0,0,0,1,1,0,0.00000,0,AOI 1-AOI 1,287.35495,39.21288,0,
0,DESKTOP_A.png,505,8.29688,89866076098,0.55036,0.34697,7.95312,0.34375,24,1,0.58978,0.33950,1,1.57292,0.30370,0,,0.20488,0.60844,13.03215,1.09340,1,0.55141,0.59594,12.62913,1.09340,1,0,0.00000,9,3.87968,1,3.81528,1,0.00000,0,0,0,0,0,0,1,1,0,0.00000,0,AOI 1-AOI 1,95.09834,21.91887,0,
0,DESKTOP_A.png,529,8.69043,89870016048,0.56178,0.37255,8.31348,0.37695,25,1,0.48048,0.42458,1,1.57292,0.30370,0,,0.20148,0.60873,12.53625,1.02342,1,0.54783,0.59646,13.00855,1.01229,1,0,0.00000,9,3.72836,1,3.73204,1,0.00000,0,0,0,0,0,0,1,1,0,0.00000,0,AOI 1-AOI 1,35.27009,308.43799,0,
0,DESKTOP_A.png,550,9.03613,89873465461,0.52839,0.38584,8.70703,0.32910,26,1,0.73124,0.35968,1,1.57292,0.30370,0,,0.20656,0.60815,12.13253,1.04614,1,0.55376,0.59535,11.68019,1.05727,1,0,0.00000,9,3.99462,1,3.78732,1,0.00000,0,0,0,0,0,0,1,1,0,0.00000,0,AOI 1-AOI 1,65.69587,192.61972,0,
0,DESKTOP_A.png,599,9.84082,89881516038,0.73044,0.39572,9.10156,0.73926,27,1,0.77243,0.38342,1,1.57292,0.30370,0,,0.21065,0.60786,13.95987,1.07976,1,0.55726,0.59472,13.00814,1.06863,1,0,0.00000,9,4.21613,1,4.00632,1,0.00000,0,0,0,0,0,0,1,1,0,0.00000,0,AOI 2-AOI 2,388.08276,358.42444,0,
0,DESKTOP_A.png,611,10.02148,89883326474,0.76836,0.39265,9.85742,0.16406,28,1,0.78762,0.39476,1,1.57292,0.30370,0,,0.20965,0.60889,13.68427,1.03431,1,0.55803,0.59399,12.89371,1.03431,1,0,0.00000,9,3.98110,1,3.49428,1,0.00000,0,0,0,0,0,0,1,1,0,0.00000,0,AOI 2-AOI 2,72.88185,2.60743,0,
1,ILLUM_14_03_24_A.png,11,0.18066,89885460321,0.77290,0.37256,0.00000,0.18066,1,1,0.74580,0.26656,1,1.57292,0.30370,0,,0.21044,0.60348,13.96233,1.00116,1,0.55768,0.58925,13.09530,1.00116,1,0,0.00000,9,4.49395,1,3.53291,1,0.00000,0,0,0,0,0,0,1,1,0,0.00000,0,,23.38271,68.11234,0,
1,ILLUM_14_03_24_A.png,27,0.44531,89888103806,0.75184,0.33863,0.19727,0.24805,2,1,0.68929,0.41893,1,1.57292,0.30370,0,,0.54901,0.59633,13.34772,1.03525,1,0.55906,0.58935,12.91557,1.03525,0,0,0.00000,9,3.82059,1,3.51397,0,0.00000,0,0,0,0,0,0,1,1,0,0.00000,0,,54.56937,137.81554,0,
1,ILLUM_14_03_24_A.png,31,0.52539,89888909850,0.69840,0.35739,0.47656,0.04883,3,1,0.68306,0.35210,1,1.57292,0.30370,0,,0.54481,0.58537,10.93236,1.03525,1,0.55906,0.58935,12.91557,1.03525,0,0,0.00000,9,4.25412,1,3.51397,0,0.00000,0,0,0,0,0,0,1,1,0,0.00000,0,,104.58612,191.17015,0,
1,ILLUM_14_03_24_A.png,57,0.95312,89893180749,0.48391,-0.10316,0.64062,0.31250,4,1,0.57483,-0.03105,1,1.57292,0.30370,0,,0.20071,0.59138,14.12046,0.99457,1,0.54878,0.57917,14.35523,0.98344,1,0,0.00000,8,4.19012,1,4.20360,1,0.00000,0,0,0,0,0,0,1,1,0,0.00000,0,,645.75317,129.62329,0,
1,ILLUM_14_03_24_A.png,76,1.26465,89896301476,0.57429,-0.08009,0.96875,0.29590,5,1,0.63136,-0.10876,1,1.57292,0.30370,0,,0.20519,0.58983,13.96060,1.05878,1,0.55327,0.57862,14.74518,1.05878,1,0,0.00000,8,4.11575,1,4.24090,1,0.00000,0,0,0,0,0,0,1,1,0,0.00000,0,,175.30913,351.82922,0,
1,ILLUM_14_03_24_A.png,89,1.46191,89898277740,0.49468,0.01366,1.28125,0.18066,6,1,0.38861,0.09258,1,1.57292,0.30370,0,,0.19183,0.59600,14.52954,1.03431,1,0.53950,0.58557,15.94086,1.03431,1,0,0.00000,8,4.18664,1,4.97628,1,0.00000,0,0,0,0,0,0,1,1,0,0.00000,0,,183.34402,213.52086,0,
1,ILLUM_14_03_24_A.png,106,1.75781,89901231655,0.41763,0.21450,1.54395,0.21387,7,1,0.46555,0.51576,1,1.57292,0.30370,0,,0.19754,0.60899,15.19763,1.03502,1,0.54399,0.59668,14.86548,1.04837,1,0,0.00000,8,4.04494,1,3.89073,1,0.00000,0,0,0,0,0,0,1,1,0,0.00000,0,AOI 19-AOI 19,262.55246,235.70505,0,
1,ILLUM_14_03_24_A.png,124,2.05371,89904188481,0.39995,0.56626,1.82324,0.23047,8,1,0.34608,0.61731,1,1.57292,0.30370,0,,0.18962,0.61505,15.49459,1.07976,1,0.53773,0.60224,15.54078,1.07976,1,0,0.00000,8,4.06663,1,3.96577,1,0.00000,0,0,0,0,0,0,1,1,0,0.00000,0,AOI 13-AOI 13,381.41437,264.89398,0,
1,ILLUM_14_03_24_A.png,146,2.41504,89907802888,0.37389,0.59808,2.07031,0.34473,9,1,0.42573,0.58721,1,1.57292,0.30370,0,,0.19137,0.61479,14.41251,1.05703,1,0.53989,0.60107,14.68581,1.05703,1,0,0.00000,8,3.93719,1,3.88838,1,0.00000,0,0,0,0,0,0,1,1,0,0.00000,0,AOI 13-AOI 13,60.70018,214.48241,0,
1,ILLUM_14_03_24_A.png,173,2.85840,89912238690,0.49332,0.57907,2.43164,0.42676,10,1,0.53519,0.57967,1,1.57292,0.30370,0,,0.19822,0.61657,13.70101,1.11323,1,0.54566,0.60361,14.15192,1.08876,1,0,0.00000,8,3.70642,1,3.70025,1,0.00000,0,0,0,0,0,0,1,1,0,0.00000,0,AOI 13-AOI 13,230.22282,5.11632,0,
1,ILLUM_14_03_24_A.png,208,3.41309,89917786091,0.57313,0.61090,2.87500,0.53809,11,1,0.34512,0.63624,1,1.57292,0.30370,0,,0.19236,0.61737,12.60555,1.03525,1,0.54006,0.60351,11.41589,1.03525,1,0,0.00000,7,3.74558,1,3.41040,1,0.00000,0,0,0,0,0,0,1,1,0,0.00000,0,AOI 13-AOI 13,157.04391,347.35574,0,
1,ILLUM_14_03_24_A.png,232,3.84375,89922094942,0.37234,0.63382,3.49902,0.34473,12,1,0.41640,0.64194,1,1.57292,0.30370,0,,0.19360,0.61624,13.50229,1.03525,1,0.54231,0.60284,13.51229,1.03525,1,0,0.00000,7,3.65851,1,3.42852,1,0.00000,0,0,0,0,0,0,1,1,0,0.00000,0,,386.31079,183.67387,0,
1,ILLUM_14_03_24_A.png,247,4.09082,89924559155,0.49259,0.62144,3.86035,0.23047,13,1,0.54016,0.63466,1,1.57292,0.30370,0,,0.20119,0.61473,13.93492,0.98980,1,0.54963,0.60225,14.47840,0.98980,1,0,0.00000,7,3.86368,1,3.88663,1,0.00000,0,0,0,0,0,0,1,1,0,0.00000,0,AOI 13-AOI 13,231.26688,3.31432,0,
1,ILLUM_14_03_24_A.png,263,4.35352,89927186978,0.59545,0.62509,4.10742,0.24609,14,1,0.62549,0.59604,1,1.57292,0.30370,0,,0.20499,0.61451,13.89503,1.05751,1,0.55386,0.60284,14.83205,1.06863,1,0,0.00000,7,3.79217,1,3.76085,1,0.00000,0,0,0,0,0,0,1,1,0,0.00000,0,AOI 13-AOI 13,197.53043,358.85651,0,
1,ILLUM_14_03_24_A.png,280,4.63281,89929980499,0.39602,0.65775,4.41895,0.21387,15,1,0.32044,0.72484,1,1.57292,0.30370,0,,0.19087,0.61922,14.09784,1.01252,1,0.53865,0.60604,14.25503,1.01252,1,0,0.00000,7,3.77852,1,3.60002,1,0.00000,0,0,0,0,0,0,1,1,0,0.00000,0,AOI 16-AOI 16,384.52673,185.26317,0,
1,ILLUM_14_03_24_A.png,303,5.01074,89933758624,0.36199,0.74517,4.64941,0.36133,16,1,0.49157,0.72961,1,1.57292,0.30370,0,,0.19877,0.62138,14.09159,1.02318,1,0.54716,0.60920,14.38245,1.02318,1,0,0.00000,6,3.61483,1,3.87719,1,0.00000,0,0,0,0,0,0,1,1,0,0.00000,0,AOI 16-AOI 16,114.81691,235.31537,0,
1,ILLUM_14_03_24_A.png,320,5.29004,89936553280,0.52803,0.72890,5.02734,0.26270,17,1,0.55724,0.76730,1,1.57292,0.30370,0,,0.20562,0.62117,14.21563,0.98980,1,0.55426,0.61202,14.96134,0.98980,1,0,0.00000,6,3.72961,1,3.80710,1,0.00000,0,0,0,0,0,0,1,1,0,0.00000,0,AOI 16-AOI 16,319.28064,3.15485,0,
1,ILLUM_14_03_24_A.png,334,5.51953,89938853297,0.58725,0.84813,5.30664,0.21289,18,1,0.57885,0.92099,1,1.57292,0.30370,0,,0.20655,0.62846,15.02142,1.01252,1,0.55552,0.61833,15.23566,1.01252,1,0,0.00000,6,3.94142,1,3.91731,1,0.00000,0,0,0,0,0,0,1,1,0,0.00000,0,AOI 17-AOI 17,171.78342,311.44449,0,
1,ILLUM_14_03_24_A.png,350,5.78320,89941482078,0.53103,0.87370,5.53613,0.24707,19,1,0.53186,0.53575,1,1.57292,0.30370,0,,0.20146,0.61962,13.63342,1.04614,1,0.55069,0.60928,12.72482,1.05727,1,0,0.00000,6,4.04916,1,4.00049,1,0.00000,0,0,0,0,0,0,1,1,0,0.00000,0,,111.41899,194.35054,0,
1,ILLUM_14_03_24_A.png,373,6.16016,89945258975,0.50866,0.30105,5.84863,0.31152,20,1,0.46048,0.23127,1,1.57292,0.30370,0,,0.20012,0.60648,16.02856,1.10869,1,0.54881,0.59615,15.52955,1.08421,1,0,0.00000,6,4.16999,1,4.14749,1,0.00000,0,0,0,0,0,0,1,1,0,0.00000,0,AOI 13-AOI 13,619.95160,93.97264,0,
1,ILLUM_14_03_24_A.png,388,6.40723,89947725120,0.49718,0.21552,6.17676,0.23047,21,1,0.55875,0.03717,1,1.57292,0.30370,0,,0.20314,0.60172,15.85416,1.07976,1,0.55116,0.59134,15.95531,1.07976,1,0,0.00000,6,4.53647,1,4.48529,1,0.00000,0,0,0,0,0,0,1,1,0,0.00000,0,AOI 19-AOI 19,94.96575,103.42078,0,
1,ILLUM_14_03_24_A.png,425,7.01465,89953802146,0.51185,0.14211,6.42383,0.59082,22,1,0.59915,0.13264,1,1.57292,0.30370,0,,0.20524,0.60237,16.35642,1.04567,1,0.55454,0.59065,14.64082,1.04567,1,0,0.00000,6,4.33304,1,3.95843,1,0.00000,0,0,0,0,0,0,1,1,0,0.00000,0,AOI 19-AOI 19,84.13742,70.44167,0,
1,ILLUM_14_03_24_A.png,445,7.34375,89957087604,0.59537,0.12129,7.03125,0.31250,23,1,0.44338,0.06282,1,1.57292,0.30370,0,,0.19777,0.59757,14.55510,1.03525,1,0.54715,0.58719,14.25386,1.03525,1,0,0.00000,6,4.13609,1,3.95337,1,0.00000,0,0,0,0,0,0,1,1,0,0.00000,0,,161.92714,7.98203,0,
1,ILLUM_14_03_24_A.png,463,7.65527,89960207718,0.51047,0.01864,7.40918,0.24609,24,1,1.72010,-0.57844,1,1.57292,0.30370,0,,0.55150,0.59454,7.14159,1.03525,1,0.54588,0.59657,16.05971,1.03525,0,0,0.00000,6,2.45410,1,4.32425,0,0.00000,0,0,0,0,0,0,1,1,0,0.00000,0,AOI 12-AOI 12,197.13445,145.78032,0,
1,ILLUM_14_03_24_A.png,483,7.98633,89963516089,0.59622,0.41703,7.72168,0.26465,25,1,0.61924,0.41480,1,1.57292,0.30370,0,,0.20233,0.61122,16.12557,1.00092,1,0.55130,0.60040,16.01918,1.01205,1,0,0.00000,6,4.06622,1,4.03682,1,0.00000,0,0,0,0,0,0,1,1,0,0.00000,0,AOI 13-AOI 13,460.68542,290.93942,0,
1,ILLUM_14_03_24_A.png,504,8.31348,89966786396,0.63838,0.38163,8.00098,0.31250,26,1,0.64519,0.41465,1,1.57292,0.30370,0,,0.20705,0.61274,15.64181,1.05703,1,0.55693,0.60279,16.30657,1.05703,1,0,0.00000,6,3.99848,1,3.99364,1,0.00000,0,0,0,0,0,0,1,1,0,0.00000,0,AOI 13-AOI 13,89.52164,25.28175,0,
1,ILLUM_14_03_24_A.png,519,8.57520,89969408984,0.57942,0.38635,8.34570,0.22949,27,1,0.51336,0.35226,1,1.57292,0.30370,0,,0.19531,0.61090,16.79313,1.03525,1,0.54591,0.59920,16.93169,1.03525,1,0,0.00000,6,4.16794,1,4.12956,1,0.00000,0,0,0,0,0,0,1,1,0,0.00000,0,AOI 13-AOI 13,113.31796,182.57832,0,
1,ILLUM_14_03_24_A.png,534,8.82227,89971874751,0.47572,0.40994,8.59180,0.23047,28,1,0.41716,0.58576,1,1.57292,0.30370,0,,0.18880,0.62047,15.73966,1.06324,1,0.53835,0.60811,15.79005,1.03876,1,0,0.00000,6,4.27455,1,4.25030,1,0.00000,0,0,0,0,0,0,1,1,0,0.00000,0,AOI 13-AOI 13,200.72736,187.29190,0,
1,ILLUM_14_03_24_A.png,556,9.18359,89975488891,0.39307,0.64167,8.88770,0.29590,29,1,0.37998,0.76364,1,1.57292,0.30370,0,,0.19046,0.62673,15.97504,0.98980,1,0.54043,0.61525,17.29248,0.98980,1,0,0.00000,6,4.10854,1,4.20124,1,0.00000,0,0,0,0,0,0,1,1,0,0.00000,0,,296.33789,237.62239,0,
1,ILLUM_14_03_24_A.png,570,9.41309,89977787927,0.42587,0.83971,9.20020,0.21289,30,1,0.47487,0.90989,1,1.57292,0.30370,0,,0.19524,0.63316,14.88234,1.06863,1,0.54576,0.62191,16.39151,1.05751,1,0,0.00000,6,3.93539,1,4.01966,1,0.00000,0,0,0,0,0,0,1,1,0,0.00000,0,AOI 17-AOI 17,222.96187,286.40659,0,
1,ILLUM_14_03_24_A.png,605,10.00488,89983703949,0.57525,0.86639,9.74219,0.26270,31,1,0.50832,0.81323,1,1.57292,0.30370,0,,0.19758,0.62867,15.37460,1.07038,1,0.54938,0.61826,16.04042,1.08374,1,0,0.00000,7,3.97448,1,4.13990,1,0.00000,0,0,0,0,0,0,1,1,0,0.00000,0,,288.25348,354.26303,0,
4,MALTA_TODAY_14_03_24_A.png,2,0.03223,89984196119,0.56502,0.85267,0.00000,0.03222,1,1,0.48933,0.71795,1,1.57292,0.30370,0,,0.19724,0.62711,15.36364,1.10869,1,0.54896,0.61717,16.05862,1.08421,1,0,0.00000,7,4.15871,1,4.15322,1,0.00000,0,0,0,0,0,0,1,1,0,0.00000,0,,24.60392,142.96921,0,
4,MALTA_TODAY_14_03_24_A.png,39,0.64062,89990272782,0.41732,0.07848,0.14746,0.49316,2,1,0.37631,0.13074,1,1.57292,0.30370,0,,0.18963,0.60521,14.60042,1.07976,1,0.54016,0.59417,15.26617,1.07976,1,0,0.00000,7,4.17235,1,4.05683,1,0.00000,0,0,0,0,0,0,1,1,0,0.00000,0,AOI 196,882.90729,108.73512,0,
4,MALTA_TODAY_14_03_24_A.png,54,0.88672,89992737800,0.40133,0.10476,0.65723,0.22949,3,1,0.44776,-0.02876,1,1.57292,0.30370,0,,0.19075,0.60008,15.14701,0.98980,1,0.54079,0.58877,15.17814,0.98980,1,0,0.00000,7,4.33310,1,4.32902,1,0.00000,0,0,0,0,0,0,1,1,0,0.00000,0,,41.81029,222.75288,0,
4,MALTA_TODAY_14_03_24_A.png,78,1.28125,89996679813,0.44606,0.02185,0.90332,0.37793,4,1,0.37875,-0.26394,0,1.57292,0.30370,0,,0.18909,0.60237,13.67690,0.98980,0,0.53866,0.58693,12.84126,0.98980,0,1020,0.00000,7,4.25767,0,3.94919,0,0.00000,0,0,0,0,0,0,1,1,0,0.00000,0,,124.07079,46.19562,0,
4,MALTA_TODAY_14_03_24_A.png,100,1.64258,90000294447,0.47794,0.34325,1.44531,0.19727,5,1,0.46792,0.23630,1,1.57292,0.30370,0,,0.19039,0.61275,17.62010,1.12180,1,0.54137,0.60130,17.62124,1.09733,1,0,0.00000,7,4.31843,1,4.38359,1,0.00000,0,0,0,0,0,0,1,1,0,0.00000,0,AOI 198,352.46756,280.00070,0,
4,MALTA_TODAY_14_03_24_A.png,123,2.02051,90004073062,0.51190,0.30557,1.64258,0.37793,6,1,0.53192,0.26367,1,1.57292,0.30370,0,,0.19370,0.61335,16.30410,1.03653,1,0.54468,0.60244,16.40925,1.04765,1,0,0.00000,7,4.24215,1,4.16724,1,0.00000,0,0,0,0,0,0,1,1,0,0.00000,0,AOI 198,76.86026,31.96897,0,
4,MALTA_TODAY_14_03_24_A.png,138,2.26660,90006538817,0.51770,0.41593,2.02148,0.24512,7,1,0.50607,0.48850,1,1.57292,0.30370,0,,0.19262,0.61999,16.01754,1.04614,1,0.54342,0.60796,15.61812,1.03502,1,0,0.00000,7,3.90994,1,3.85573,1,0.00000,0,0,0,0,0,0,1,1,0,0.00000,0,AOI 198,119.70790,275.33774,0,
4,MALTA_TODAY_14_03_24_A.png,161,2.64453,90010316979,0.50025,0.52425,2.28320,0.36133,8,1,0.38894,0.62961,1,1.57292,0.30370,0,,0.18678,0.62560,15.24690,1.04591,1,0.53758,0.61342,14.87545,1.03478,1,0,0.00000,7,4.09358,1,3.99315,1,0.00000,0,0,0,0,0,0,1,1,0,0.00000,0,AOI 198,121.68868,254.01859,0,
4,MALTA_TODAY_14_03_24_A.png,193,3.17090,90015574974,0.38713,0.64943,2.70996,0.46094,9,1,0.42169,0.64552,1,1.57292,0.30370,0,,0.18616,0.62652,15.17592,0.98980,1,0.53803,0.61345,14.80341,0.98980,1,0,0.00000,7,3.98051,1,4.00719,1,0.00000,0,0,0,0,0,0,1,1,0,0.00000,0,AOI 198,255.83040,211.90102,0,
4,MALTA_TODAY_14_03_24_A.png,215,3.53223,90019187153,0.50989,0.64690,3.18750,0.34473,10,1,0.56351,0.63091,1,1.57292,0.30370,0,,0.19240,0.62574,14.92438,1.03525,1,0.54438,0.61415,16.21680,1.03525,1,0,0.00000,6,4.08318,1,4.10006,1,0.00000,0,0,0,0,0,0,1,1,0,0.00000,0,AOI 198,235.71506,0.66419,0,
4,MALTA_TODAY_14_03_24_A.png,241,3.95898,90023460435,0.54824,0.65467,3.54785,0.41113,11,1,0.39500,0.66283,1,1.57292,0.30370,0,,0.18406,0.62909,16.28628,0.98980,1,0.53484,0.61568,15.43744,0.98980,1,0,0.00000,6,4.22431,1,4.12732,1,0.00000,0,0,0,0,0,0,1,1,0,0.00000,0,AOI 198,74.10866,353.49823,0,
4,MALTA_TODAY_14_03_24_A.png,269,4.43555,90028223903,0.38476,0.67402,4.02441,0.41113,12,1,0.42675,0.68985,1,1.57292,0.30370,0,,0.18809,0.62757,16.17950,1.04614,1,0.54038,0.61424,16.07894,1.03502,1,0,0.00000,5,4.27275,1,4.10800,1,0.00000,0,0,0,0,0,0,1,1,0,0.00000,0,AOI 199,314.57657,183.80911,0,
4,MALTA_TODAY_14_03_24_A.png,293,4.83008,90032167044,0.43462,0.66992,4.45215,0.37793,13,1,0.35289,0.66801,1,1.57292,0.30370,0,,0.18244,0.62947,17.14929,1.02389,1,0.53367,0.61631,16.39244,1.02389,1,0,0.00000,5,4.30086,1,4.26985,1,0.00000,0,0,0,0,0,0,1,1,0,0.00000,0,,95.83356,2.64829,0,
4,MALTA_TODAY_14_03_24_A.png,327,5.38867,90037753743,0.36866,0.71797,4.83105,0.55762,14,1,0.40232,0.70878,1,1.57292,0.30370,0,,0.18466,0.63225,15.75775,1.04567,1,0.53655,0.61909,15.79651,1.03454,1,0,0.00000,5,4.12285,1,3.95712,1,0.00000,0,0,0,0,0,0,1,1,0,0.00000,0,AOI 199,136.86301,202.28212,0,
4,MALTA_TODAY_14_03_24_A.png,350,5.76660,90041532322,0.48029,0.71183,5.39062,0.37598,15,1,0.52321,0.82694,1,1.57292,0.30370,0,,0.19041,0.63447,14.06755,1.01205,1,0.54265,0.62137,14.70529,1.00092,1,0,0.00000,5,3.78923,1,3.80033,1,0.00000,0,0,0,0,0,0,1,1,0,0.00000,0,AOI 199,214.43214,1.77211,0,
4,MALTA_TODAY_14_03_24_A.png,382,6.29395,90046806922,0.49748,0.80241,5.78320,0.51074,16,1,0.44417,0.87999,1,1.57292,0.30370,0,,0.18905,0.63574,14.22837,1.08980,1,0.54106,0.62333,13.07852,1.08980,1,0,0.00000,5,3.68158,1,3.30144,1,0.00000,0,0,0,0,0,0,1,1,0,0.00000,0,AOI 199,103.24396,288.64346,0,
4,MALTA_TODAY_14_03_24_A.png,422,6.93457,90053216876,0.44845,0.87872,6.29590,0.63867,17,1,0.41631,0.87704,1,1.57292,0.30370,0,,0.18625,0.63888,15.45664,1.03525,1,0.53928,0.62765,15.80437,1.03525,1,0,0.00000,5,4.06061,1,3.87823,1,0.00000,0,0,0,0,0,0,1,1,0,0.00000,0,AOI 207,125.11632,221.20122,0,
4,MALTA_TODAY_14_03_24_A.png,439,7.22852,90056151125,0.41587,0.84583,6.96582,0.26270,18,1,0.42533,0.20413,1,1.57292,0.30370,0,,0.18896,0.61890,17.02354,1.07436,1,0.53781,0.60692,16.56164,1.06101,1,0,0.00000,5,4.38684,1,4.24205,1,0.00000,0,0,0,0,0,0,1,1,0,0.00000,0,AOI 199,71.93542,150.40984,0,
4,MALTA_TODAY_14_03_24_A.png,460,7.57324,90059601019,0.39067,0.14430,7.29395,0.27930,19,1,0.37001,0.20916,1,1.57292,0.30370,0,,0.18645,0.61524,16.53307,0.98980,1,0.53751,0.60400,15.12652,0.98980,1,0,0.00000,5,4.67993,1,4.49018,1,0.00000,0,0,0,0,0,0,1,1,0,0.00000,0,AOI 197,759.19574,93.65397,0,
4,MALTA_TODAY_14_03_24_A.png,477,7.85254,90062394134,0.41868,0.24617,7.58984,0.26270,20,1,0.48520,0.30406,1,1.57292,0.30370,0,,0.19137,0.61856,16.20492,1.02318,1,0.54303,0.60698,15.72671,1.02318,1,0,0.00000,5,4.27158,1,3.93166,1,0.00000,0,0,0,0,0,0,1,1,0,0.00000,0,,122.46024,296.05005,0,
4,MALTA_TODAY_14_03_24_A.png,494,8.13184,90065188503,0.50448,0.34643,7.85254,0.27930,21,1,0.58804,0.48394,1,1.57292,0.30370,0,,0.19399,0.62077,15.26472,0.98980,1,0.54527,0.60928,15.53315,0.98980,1,0,0.00000,5,3.94351,1,3.94305,1,0.00000,0,0,0,0,0,0,1,1,0,0.00000,0,AOI 198,197.13623,326.68311,0,
4,MALTA_TODAY_14_03_24_A.png,512,8.42773,90068144957,0.56024,0.37387,8.19727,0.23047,22,1,0.54849,0.11854,1,1.57292,0.30370,0,,0.19687,0.60679,14.36679,0.98321,1,0.54755,0.59708,14.48231,0.99433,1,0,0.00000,5,4.12496,1,4.08493,1,0.00000,0,0,0,0,0,0,1,1,0,0.00000,0,AOI 198,111.08512,344.52731,0,
4,MALTA_TODAY_14_03_24_A.png,541,8.90430,90072907928,0.59689,0.09151,8.47754,0.42676,23,1,0.61918,0.11484,1,1.57292,0.30370,0,,0.19895,0.60588,13.58334,0.95134,1,0.55103,0.59595,13.51472,0.95134,1,0,0.00000,5,3.81560,1,3.77211,1,0.00000,0,0,0,0,0,0,1,1,0,0.00000,0,,312.96234,77.00623,0,
4,MALTA_TODAY_14_03_24_A.png,562,9.24902,90076358552,0.48688,-0.05245,8.96973,0.27930,24,1,0.46477,-0.02231,1,1.57292,0.30370,0,,0.18963,0.60459,14.02312,0.98980,1,0.54217,0.59432,13.95462,0.98980,1,0,0.00000,5,3.98558,1,3.76867,1,0.00000,0,0,0,0,0,0,1,1,0,0.00000,0,,262.27194,143.64351,0,
4,MALTA_TODAY_14_03_24_A.png,582,9.57715,90079645375,0.46623,0.01744,9.26562,0.31152,25,1,0.50294,-0.02881,1,1.57292,0.30370,0,,0.19273,0.60625,14.79481,1.03430,1,0.54516,0.59672,14.82314,1.02318,1,0,0.00000,5,4.22996,1,4.16424,1,0.00000,0,0,0,0,0,0,1,1,0,0.00000,0,,85.26064,242.28839,0,
4,MALTA_TODAY_14_03_24_A.png,597,9.82422,90082109724,0.56635,0.02092,9.59375,0.23047,26,1,0.61761,0.11288,1,1.57292,0.30370,0,,0.20042,0.60931,15.42434,0.96095,1,0.55315,0.59999,15.69336,0.97208,1,0,0.00000,5,4.27141,1,4.21701,1,0.00000,0,0,0,0,0,0,1,1,0,0.00000,0,,192.26709,358.87991,0,
4,MALTA_TODAY_14_03_24_A.png,610,10.03809,90084246304,0.62307,0.21509,9.84082,0.19727,27,1,0.63394,0.42805,1,1.57292,0.30370,0,,0.20014,0.62165,16.57505,0.98980,1,0.55233,0.61210,16.83879,0.98980,1,0,0.00000,5,4.16945,1,4.16122,1,0.00000,0,0,0,0,0,0,1,1,0,0.00000,0,AOI 197,236.29506,297.44357,0,
6,THE_SHIFT_14_03_24_A.png,13,0.21387,90086875228,0.53061,0.57689,0.01660,0.19727,2,1,0.47707,0.68059,1,1.57292,0.30370,0,,0.18949,0.63067,15.94604,0.98980,1,0.54271,0.62082,16.39676,0.98980,1,0,0.00000,5,4.15545,1,4.22624,1,0.00000,0,0,0,0,0,0,1,1,0,0.00000,0,AOI 203,429.17984,245.56671,0,
6,THE_SHIFT_14_03_24_A.png,27,0.44336,90089173945,0.45472,0.55804,0.23047,0.21289,3,1,0.42236,0.45851,1,1.57292,0.30370,0,,0.18660,0.62435,17.07711,1.00395,1,0.53951,0.61363,16.85432,0.99282,1,0,0.00000,5,4.21807,1,4.38126,1,0.00000,0,0,0,0,0,0,1,1,0,0.00000,0,AOI 203,147.12416,172.04630,0,
6,THE_SHIFT_14_03_24_A.png,52,0.85449,90093282380,0.39593,0.48386,0.45996,0.39453,4,1,0.46883,0.48732,1,1.57292,0.30370,0,,0.19012,0.62399,15.83314,1.00116,1,0.54219,0.61317,15.27761,1.00116,1,0,0.00000,5,3.85026,1,3.79938,1,0.00000,0,0,0,0,0,0,1,1,0,0.00000,0,,138.41780,144.63472,0,
6,THE_SHIFT_14_03_24_A.png,74,1.21582,90096896547,0.49149,0.49843,0.85645,0.35938,5,1,0.53685,0.49945,1,1.57292,0.30370,0,,0.19311,0.62365,15.29197,0.98980,1,0.54536,0.61345,14.91446,0.98980,1,0,0.00000,5,3.83197,1,3.87522,1,0.00000,0,0,0,0,0,0,1,1,0,0.00000,0,,184.14876,355.09805,0,
6,THE_SHIFT_14_03_24_A.png,90,1.47852,90099525359,0.48200,0.50081,1.23242,0.24609,6,1,0.36192,0.53815,1,1.57292,0.30370,0,,0.18501,0.62627,15.67102,0.98980,1,0.53695,0.61491,15.39242,0.98980,1,0,0.00000,5,3.87629,1,3.80560,1,0.00000,0,0,0,0,0,0,1,1,0,0.00000,0,,18.40123,188.02960,0,
6,THE_SHIFT_14_03_24_A.png,109,1.77441,90102487024,0.40796,0.51069,1.48047,0.29395,7,1,0.43190,0.50757,1,1.57292,0.30370,0,,0.18779,0.62781,15.40813,1.04614,1,0.54005,0.61652,14.97889,1.03501,1,0,0.00000,5,3.77761,1,3.73071,1,0.00000,0,0,0,0,0,0,1,1,0,0.00000,0,AOI 203,142.55669,184.29259,0,
6,THE_SHIFT_14_03_24_A.png,132,2.16895,90106422981,0.54279,0.50440,1.80664,0.36230,8,1,0.59998,0.49749,1,1.57292,0.30370,0,,0.19871,0.62594,14.44527,1.03525,1,0.55154,0.61673,14.65209,1.03525,1,0,0.00000,5,3.99348,1,3.86679,1,0.00000,0,0,0,0,0,0,1,1,0,0.00000,0,AOI 203,258.96265,1.50317,0,
6,THE_SHIFT_14_03_24_A.png,146,2.39844,90108723299,0.46066,0.53325,2.18457,0.21387,9,1,0.36547,0.56119,1,1.57292,0.30370,0,,0.18959,0.62885,15.58843,1.00092,1,0.54230,0.61929,15.05367,1.00092,1,0,0.00000,5,3.86287,1,3.82424,1,0.00000,0,0,0,0,0,0,1,1,0,0.00000,0,AOI 203,160.73830,191.17714,0,
6,THE_SHIFT_14_03_24_A.png,166,2.72656,90112008621,0.41379,0.56061,2.41504,0.31152,10,1,0.43514,0.56954,1,1.57292,0.30370,0,,0.19063,0.63082,15.13587,1.03525,1,0.54378,0.62053,15.33302,1.03525,1,0,0.00000,5,4.11518,1,3.79955,1,0.00000,0,0,0,0,0,0,1,1,0,0.00000,0,AOI 203,94.71752,198.17786,0,
6,THE_SHIFT_14_03_24_A.png,194,3.18652,90116608214,0.52428,0.56334,2.74316,0.44336,11,1,0.53798,0.55570,0,1.57292,0.30370,0,,0.19760,0.63003,14.42659,1.00092,0,0.55116,0.61739,10.76208,0.98980,0,0,0.00000,5,3.98054,0,4.28360,0,0.00000,0,0,0,0,0,0,1,1,0,0.00000,0,AOI 203,212.16129,359.20374,0,
6,THE_SHIFT_14_03_24_A.png,235,3.84473,90123186678,0.45236,0.17443,3.48340,0.36133,12,1,0.40717,0.11055,1,1.57292,0.30370,0,,0.19125,0.61110,15.40091,0.99584,1,0.54434,0.60428,15.62897,0.99584,1,0,0.00000,6,4.28016,1,4.61970,1,0.00000,0,0,0,0,0,0,1,1,0,0.00000,0,AOI 202,442.13916,108.19876,0,
6,THE_SHIFT_14_03_24_A.png,257,4.22266,90126961076,0.39235,0.06006,3.87695,0.34570,13,1,0.36303,-0.06922,1,1.57292,0.30370,0,,0.18669,0.60359,14.24969,0.98980,1,0.53982,0.59480,14.67145,1.00092,1,0,0.00000,6,4.23120,1,4.03866,1,0.00000,0,0,0,0,0,0,1,1,0,0.00000,0,AOI 201,168.91585,133.00877,0,
6,THE_SHIFT_14_03_24_A.png,281,4.61621,90130901955,0.36575,-0.07198,4.28809,0.32812,14,1,0.37470,0.04240,1,1.57292,0.30370,0,,0.18597,0.60747,14.68675,0.93422,1,0.54033,0.59899,14.98346,0.92309,1,0,0.00000,5,4.24447,1,4.14955,1,0.00000,0,0,0,0,0,0,1,1,0,0.00000,0,,151.47282,109.70447,0,
6,THE_SHIFT_14_03_24_A.png,302,4.96191,90134357311,0.49020,0.27575,4.68262,0.27930,15,1,0.39643,0.80854,1,1.57292,0.30370,0,,0.18768,0.63982,15.46780,1.01229,1,0.54134,0.63193,15.85059,1.02564,1,0,0.00000,5,4.11274,1,3.91594,1,0.00000,0,0,0,0,0,0,1,1,0,0.00000,0,AOI 202,445.11887,302.46671,0,
6,THE_SHIFT_14_03_24_A.png,326,5.35547,90138294295,0.35819,0.73286,5.02734,0.32812,16,1,0.35591,0.80541,1,1.57292,0.30370,0,,0.18444,0.64145,16.88001,0.99584,1,0.53863,0.63227,16.09111,0.98472,1,0,0.00000,5,4.28989,1,4.05128,1,0.00000,0,0,0,0,0,0,1,1,0,0.00000,0,AOI 204,554.94177,242.82362,0,
6,THE_SHIFT_14_03_24_A.png,346,5.68457,90141581059,0.38128,0.77886,5.37207,0.31250,17,1,0.42349,0.82644,1,1.57292,0.30370,0,,0.18733,0.64212,16.34900,1.00116,1,0.54246,0.63315,16.97221,1.00116,1,0,0.00000,5,4.18322,1,4.16466,1,0.00000,0,0,0,0,0,0,1,1,0,0.00000,0,,66.58450,311.74472,0,
6,THE_SHIFT_14_03_24_A.png,367,6.02930,90145031325,0.47822,0.79220,5.68457,0.34473,18,1,0.54874,0.76899,1,1.57292,0.30370,0,,0.19333,0.64072,15.58494,1.02389,1,0.54890,0.63133,16.06159,1.02389,1,0,0.00000,5,4.11860,1,3.99844,1,0.00000,0,0,0,0,0,0,1,1,0,0.00000,0,,186.68153,355.57376,0,
6,THE_SHIFT_14_03_24_A.png,390,6.40723,90148809697,0.56834,0.77235,6.04590,0.36133,19,1,0.60663,0.79197,1,1.57292,0.30370,0,,0.19841,0.64031,15.11594,0.98980,1,0.55312,0.63194,15.52166,0.98980,1,0,0.00000,5,3.81935,1,3.74349,1,0.00000,0,0,0,0,0,0,1,1,0,0.00000,0,,174.35339,7.06282,0,
6,THE_SHIFT_14_03_24_A.png,403,6.62109,90150944414,0.45361,0.79103,6.42383,0.19727,20,1,0.34223,0.78197,1,1.57292,0.30370,0,,0.18331,0.64275,15.94227,1.03525,1,0.53702,0.63235,14.56481,1.03525,1,0,0.00000,5,4.06876,1,3.98973,1,0.00000,0,0,0,0,0,0,1,1,0,0.00000,0,,221.20346,185.23282,0,
6,THE_SHIFT_14_03_24_A.png,425,6.98242,90154561100,0.39023,0.80364,6.63672,0.34570,21,1,0.47412,0.80502,1,1.57292,0.30370,0,,0.18625,0.64250,15.71768,1.01229,1,0.54234,0.63193,16.06141,1.00116,1,0,0.00000,5,4.28690,1,4.01303,1,0.00000,0,0,0,0,0,0,1,1,0,0.00000,0,AOI 205,122.44933,186.38567,0,
6,THE_SHIFT_14_03_24_A.png,442,7.26172,90157356448,0.50152,0.80750,6.99902,0.26270,22,1,0.54220,0.78125,1,1.57292,0.30370,0,,0.19300,0.64148,15.98450,1.02341,1,0.54883,0.63159,15.75660,1.03454,1,0,0.00000,5,4.09561,1,3.98210,1,0.00000,0,0,0,0,0,0,1,1,0,0.00000,0,AOI 205,213.71742,358.88232,0,
6,THE_SHIFT_14_03_24_A.png,461,7.57324,90160473699,0.55604,0.81208,7.27832,0.29492,23,1,0.35666,0.85351,1,1.57292,0.30370,0,,0.18327,0.64537,16.75302,1.02389,1,0.53747,0.63548,15.44116,1.02389,1,0,0.00000,5,4.26289,1,4.22029,1,0.00000,0,0,0,0,0,0,1,1,0,0.00000,0,AOI 205,104.79527,357.29456,0,
6,THE_SHIFT_14_03_24_A.png,494,8.11523,90165894619,0.36631,0.84392,7.63965,0.47559,24,1,0.40160,0.84052,1,1.57292,0.30370,0,,0.18602,0.64507,16.34393,1.01229,1,0.54185,0.63476,17.05903,1.01229,1,0,0.00000,5,4.40957,1,4.10918,1,0.00000,0,0,0,0,0,0,1,1,0,0.00000,0,AOI 205,365.90103,185.39258,0,
6,THE_SHIFT_14_03_24_A.png,515,8.46094,90169344296,0.47494,0.82594,8.13184,0.32910,25,1,0.53138,0.80839,1,1.57292,0.30370,0,,0.19537,0.64355,15.88782,1.03430,1,0.55160,0.63460,16.07968,1.02318,1,0,0.00000,5,4.23088,1,4.15459,1,0.00000,0,0,0,0,0,0,1,1,0,0.00000,0,AOI 205,209.47165,5.31906,0,
6,THE_SHIFT_14_03_24_A.png,534,8.77246,90172466282,0.50557,0.84183,8.47754,0.29492,26,1,0.42633,0.88376,1,1.57292,0.30370,0,,0.18768,0.64788,15.09735,0.98980,1,0.54268,0.63855,15.25990,0.98980,1,0,0.00000,5,4.06285,1,3.95092,1,0.00000,0,0,0,0,0,0,1,1,0,0.00000,0,AOI 205,61.26232,343.73224,0,
6,THE_SHIFT_14_03_24_A.png,548,8.98730,90174608466,0.40091,0.79322,8.78906,0.19824,27,1,0.36792,0.67006,1,1.57292,0.30370,0,,0.18419,0.64144,14.97331,0.98980,1,0.53908,0.63075,13.48094,0.98980,1,0,0.00000,5,3.99664,1,3.93186,1,0.00000,0,0,0,0,0,0,1,1,0,0.00000,0,,207.69183,165.35835,0,
6,THE_SHIFT_14_03_24_A.png,578,9.49609,90179696344,0.39386,0.68416,9.01953,0.47656,28,1,0.45594,0.65762,1,1.57292,0.30370,0,,0.18831,0.63787,14.31771,0.98980,1,0.54338,0.62771,14.80914,0.98980,1,0,0.00000,5,3.87746,1,3.60510,1,0.00000,0,0,0,0,0,0,1,1,0,0.00000,0,AOI 204,118.56002,96.55573,0,
6,THE_SHIFT_14_03_24_A.png,592,9.72559,90181996464,0.45459,0.52749,9.51172,0.21387,29,1,0.45614,0.24049,1,1.57292,0.30370,0,,0.18950,0.62647,16.40392,1.02341,1,0.54336,0.61658,14.84103,1.03454,1,0,0.00000,5,4.31179,1,4.07031,1,0.00000,0,0,0,0,0,0,1,1,0,0.00000,0,AOI 203,205.48915,55.42850,0,
6,THE_SHIFT_14_03_24_A.png,612,10.05469,90185280722,0.46494,0.22648,9.79199,0.26270,30,1,0.50861,0.23202,1,1.57292,0.30370,0,,0.18998,0.62627,15.13963,1.02365,1,0.54483,0.61682,14.37660,1.03478,1,0,0.00000,5,4.28068,1,4.14353,1,0.00000,0,0,0,0,0,0,1,1,0,0.00000,0,AOI 202,325.69763,86.50201,0,
2,INDEPENDENT_14_03_24_A.png,4,0.06641,90186101821,0.46275,0.24837,0.00000,0.06641,1,1,0.38397,0.45394,1,1.57292,0.30370,0,,0.18378,0.63367,15.26216,1.01229,1,0.53780,0.62370,14.81096,1.00116,1,0,0.00000,5,3.97162,1,3.71432,1,0.00000,0,0,0,0,0,0,1,1,0,0.00000,0,,24.01221,259.91479,0,
2,INDEPENDENT_14_03_24_A.png,23,0.37793,90189223489,0.36212,0.49100,0.13184,0.24609,2,1,0.30698,0.10179,1,1.57292,0.30370,0,,0.17888,0.62171,14.52461,1.00442,1,0.53297,0.61292,14.67358,1.01555,1,0,0.00000,5,4.02975,1,4.49752,1,0.00000,0,0,0,0,0,0,1,1,0,0.00000,0,AOI 30-AOI 30,325.56891,233.59763,0,
2,INDEPENDENT_14_03_24_A.png,48,0.78906,90193333334,0.32824,0.11393,0.44336,0.34570,3,1,0.30197,-0.05744,1,1.57292,0.30370,0,,0.17988,0.61932,12.16781,1.03430,1,0.53476,0.61311,10.24532,1.03430,1,0,0.00000,5,3.17457,1,3.97668,1,0.00000,0,0,0,0,0,0,1,1,0,0.00000,0,AOI 23-AOI 23,412.39816,99.07545,0,
2,INDEPENDENT_14_03_24_A.png,65,1.06836,90196123337,0.32055,0.10057,0.85449,0.21387,4,1,0.33099,0.18615,1,1.57292,0.30370,0,,0.18103,0.62198,10.68976,1.02318,1,0.53560,0.61237,11.26000,1.01205,1,0,0.00000,5,2.94498,1,2.89363,1,0.00000,0,0,0,0,0,0,1,1,0,0.00000,0,AOI 23-AOI 23,20.64438,135.65947,0,
2,INDEPENDENT_14_03_24_A.png,94,1.53125,90200749103,0.31104,0.17922,1.08496,0.44629,5,1,0.34301,0.13659,1,1.57292,0.30370,0,,0.17993,0.62154,12.45221,1.01376,1,0.53489,0.61160,12.67956,1.03430,1,0,0.00000,5,3.48883,1,3.30428,1,0.00000,0,0,0,0,0,0,1,1,0,0.00000,0,,86.88234,257.86829,0,
2,INDEPENDENT_14_03_24_A.png,110,1.80762,90203516203,0.41708,0.15929,1.56152,0.24609,6,1,0.45921,0.12659,1,1.57292,0.30370,0,,0.18475,0.62188,13.20014,1.00092,1,0.54042,0.61197,13.12877,1.01205,1,0,0.00000,5,3.63937,1,3.52212,1,0.00000,0,0,0,0,0,0,1,1,0,0.00000,0,,204.73137,6.03494,0,
2,INDEPENDENT_14_03_24_A.png,128,2.10352,90206473045,0.44980,0.19520,1.82422,0.27930,7,1,0.34920,0.37923,1,1.57292,0.30370,0,,0.18177,0.63314,14.59580,1.03525,1,0.53674,0.62229,14.19219,1.03525,1,0,0.00000,5,4.07571,1,3.91540,1,0.00000,0,0,0,0,0,0,1,1,0,0.00000,0,,73.82930,328.31131,0,
2,INDEPENDENT_14_03_24_A.png,176,2.89160,90214359364,0.36139,0.41312,2.16895,0.72266,8,1,0.42172,0.44024,1,1.57292,0.30370,0,,0.17991,0.63480,13.72448,0.95214,1,0.53527,0.62260,12.81615,0.95214,1,0,0.00000,5,3.84316,1,3.78940,1,0.00000,0,0,0,0,0,0,1,1,0,0.00000,0,AOI 29-AOI 29,290.18176,234.19922,0,
2,INDEPENDENT_14_03_24_A.png,203,3.33496,90218794944,0.43511,0.40679,2.90820,0.42676,9,1,0.51869,0.38057,1,1.57292,0.30370,0,,0.18354,0.63718,13.73069,0.98428,1,0.53843,0.62449,12.65917,0.99369,1,0,0.00000,5,3.78492,1,3.80445,1,0.00000,0,0,0,0,0,0,1,1,0,0.00000,0,AOI 29-AOI 29,141.70741,2.76521,0,
2,INDEPENDENT_14_03_24_A.png,217,3.56543,90221095828,0.37106,0.38621,3.35156,0.21387,10,1,0.27081,0.45700,1,1.57292,0.30370,0,,0.17325,0.64033,13.02189,1.02469,1,0.52828,0.62785,13.26382,1.01356,1,0,0.00000,5,4.11307,1,3.78628,1,0.00000,0,0,0,0,0,0,1,1,0,0.00000,0,AOI 29-AOI 29,124.96839,169.75508,0,
2,INDEPENDENT_14_03_24_A.png,252,4.14062,90226843893,0.37340,0.66627,3.68066,0.45996,11,1,0.42857,0.68606,1,1.57292,0.30370,0,,0.17739,0.64738,12.93296,0.96095,1,0.53343,0.63444,12.50567,0.96095,1,0,0.00000,5,3.44731,1,3.15999,1,0.00000,0,0,0,0,0,0,1,1,0,0.00000,0,AOI 30-AOI 30,302.49817,270.85098,0,
2,INDEPENDENT_14_03_24_A.png,279,4.58398,90231281600,0.42969,0.68696,4.15625,0.42773,12,1,0.46718,0.67052,1,1.57292,0.30370,0,,0.17820,0.64983,12.33046,0.98980,1,0.53439,0.63686,11.35236,0.98980,1,0,0.00000,5,3.20959,1,3.18643,1,0.00000,0,0,0,0,0,0,1,1,0,0.00000,0,AOI 30-AOI 30,110.36264,348.31851,0,
2,INDEPENDENT_14_03_24_A.png,292,4.79785,90233415656,0.37624,0.81394,4.58496,0.21289,13,1,0.34205,0.87349,1,1.57292,0.30370,0,,0.17303,0.65851,12.03300,0.99584,1,0.52875,0.64487,11.72719,0.98471,1,0,0.00000,5,3.34284,1,2.92714,1,0.00000,0,0,0,0,0,0,1,1,0,0.00000,0,AOI 31-AOI 31,171.28520,233.19159,0,
2,INDEPENDENT_14_03_24_A.png,312,5.12598,90236702695,0.38567,0.88280,4.81348,0.31250,14,1,0.41477,0.86805,1,1.57292,0.30370,0,,0.17830,0.65774,12.18547,1.00116,1,0.53350,0.64428,10.96385,1.00116,1,0,0.00000,5,2.96407,1,2.93603,1,0.00000,0,0,0,0,0,0,1,1,0,0.00000,0,AOI 31-AOI 31,76.54108,283.68286,0,
2,INDEPENDENT_14_03_24_A.png,318,5.21191,90237562750,0.43814,0.89818,5.14258,0.06934,15,1,0.45025,0.90420,0,1.57292,0.30370,0,,0.17871,0.65669,11.63876,1.08771,0,0.53448,0.64418,11.07114,1.08771,0,1022,0.00000,5,2.87329,0,2.86889,0,0.00000,0,0,0,0,0,0,1,1,0,0.00000,0,,102.10262,350.63730,0,
2,INDEPENDENT_14_03_24_A.png,344,5.63574,90241799592,0.70887,0.46905,5.43848,0.19727,16,1,0.70388,0.37496,1,1.57292,0.30370,0,,0.18999,0.64081,13.15585,0.98980,1,0.54656,0.62487,11.60662,0.98980,1,0,0.00000,6,3.90538,1,3.20407,1,0.00000,0,0,0,0,0,0,1,1,0,0.00000,0,AOI 21-AOI 21,696.41174,41.72052,0,
2,INDEPENDENT_14_03_24_A.png,363,5.96387,90245080952,0.66888,0.36922,5.66797,0.29590,17,1,0.30807,0.16421,1,1.57292,0.30370,0,,0.17066,0.63058,6.56019,0.98980,1,0.52728,0.61672,6.59188,0.98980,1,0,0.00000,6,2.19706,1,1.85440,1,0.00000,0,0,0,0,0,0,1,1,0,0.00000,0,AOI 20-AOI 20,132.36191,125.45638,0,
2,INDEPENDENT_14_03_24_A.png,393,6.45801,90250022810,0.30256,0.03300,6.02930,0.42871,18,1,0.32943,-0.03202,1,1.57292,0.30370,0,,0.16971,0.62360,12.68642,0.96095,1,0.52605,0.61197,12.86179,0.96095,1,0,0.00000,6,3.56716,1,3.48628,1,0.00000,0,0,0,0,0,0,1,1,0,0.00000,0,AOI 23-AOI 23,791.53870,152.69360,0,
2,INDEPENDENT_14_03_24_A.png,407,6.68652,90252309817,0.40730,-0.08884,6.47363,0.21289,19,1,0.55727,-0.10994,1,1.57292,0.30370,0,,0.17495,0.62327,12.23282,1.04638,0,0.54085,0.61079,12.60855,1.05750,1,0,0.00000,6,4.05507,0,3.65948,1,0.00000,0,0,0,0,0,0,1,1,0,0.00000,0,,240.32625,33.19811,0,
2,INDEPENDENT_14_03_24_A.png,426,6.99902,90255431974,0.55187,-0.05054,6.70312,0.29590,20,1,0.58232,-0.01123,1,1.57292,0.30370,0,,0.18605,0.62208,13.65379,0.95214,1,0.54309,0.61072,14.06951,0.95214,1,0,0.00000,6,3.99862,1,3.96740,1,0.00000,0,0,0,0,0,0,1,1,0,0.00000,0,,280.63943,351.52417,0,
2,INDEPENDENT_14_03_24_A.png,445,7.31152,90258552204,0.62115,-0.02616,7.01562,0.29590,21,1,0.63125,-0.06580,1,1.57292,0.30370,0,,0.18945,0.62283,13.84565,0.98980,1,0.54669,0.61165,14.07982,0.98980,1,0,0.00000,6,4.03739,1,4.00179,1,0.00000,0,0,0,0,0,0,1,1,0,0.00000,0,,135.59866,348.80325,0,
2,INDEPENDENT_14_03_24_A.png,475,7.80371,90263481773,0.64469,0.73025,7.47559,0.32812,22,1,0.62900,0.67946,1,1.57292,0.30370,0,,0.18796,0.65080,14.14345,1.00538,1,0.54556,0.63904,14.89784,1.01480,1,0,0.00000,6,3.75441,1,3.82548,1,0.00000,0,0,0,0,0,0,1,1,0,0.00000,0,,818.17212,273.16669,0,
2,INDEPENDENT_14_03_24_A.png,518,8.49512,90270392255,0.63638,0.73295,7.80566,0.68945,23,1,0.62456,0.78038,1,1.57292,0.30370,0,,0.18752,0.65253,11.77604,0.96155,1,0.54393,0.64075,11.15907,0.97097,1,0,0.00000,6,3.11789,1,3.38445,1,0.00000,0,0,0,0,0,0,1,1,0,0.00000,0,,16.21948,190.35722,0,
2,INDEPENDENT_14_03_24_A.png,563,9.25000,90277936734,0.61309,0.84055,8.52637,0.72363,24,1,0.61224,0.94655,1,1.57292,0.30370,0,,0.18879,0.65625,12.16553,0.95214,1,0.54557,0.64435,11.96984,0.95214,1,0,0.00000,6,3.08891,1,3.24899,1,0.00000,0,0,0,0,0,0,1,1,0,0.00000,0,,124.51463,248.95329,0,
2,INDEPENDENT_14_03_24_A.png,596,9.79199,90283360363,0.60657,0.90676,9.26562,0.52637,25,1,0.48313,0.61047,1,1.57292,0.30370,0,,0.18702,0.64713,12.21445,0.98038,1,0.54257,0.63618,11.14057,0.97097,1,0,0.00000,6,3.34689,1,3.12811,1,0.00000,0,0,0,0,0,0,1,1,0,0.00000,0,,72.59428,260.07007,0,
2,INDEPENDENT_14_03_24_A.png,610,10.00586,90285499199,0.45135,0.49552,9.85742,0.14844,26,1,0.40258,0.34457,1,1.57292,0.30370,0,,0.17974,0.63851,13.90298,0.98038,1,0.53623,0.62672,13.70067,0.98980,1,0,0.00000,6,3.86453,1,3.55728,1,0.00000,0,0,0,0,0,0,1,1,0,0.00000,0,AOI 30-AOI 30,534.86163,123.86205,0,
5,MOBILE_A.png,2,0.03320,90286151101,0.43471,0.46255,0.00000,0.03321,1,1,0.36989,0.34010,1,1.57292,0.30370,0,,0.17861,0.63621,13.70661,0.98980,1,0.53575,0.62505,13.36852,0.98980,1,0,0.00000,6,4.03708,1,4.09296,1,0.00000,0,0,0,0,0,0,1,1,0,0.00000,0,AOI 51,47.83959,131.89993,0,
5,MOBILE_A.png,16,0.27930,90288616616,0.37757,0.23856,0.04980,0.22949,2,1,0.36198,0.07776,1,1.57292,0.30370,0,,0.17529,0.62671,12.86294,1.03430,1,0.53282,0.61580,12.87861,1.02318,1,0,0.00000,6,3.56474,1,3.35207,1,0.00000,0,0,0,0,0,0,1,1,0,0.00000,0,AOI 210,265.62396,114.39488,0,
5,MOBILE_A.png,20,0.34473,90289273025,0.36895,0.11963,0.29590,0.04883,3,1,0.39675,0.05430,1,1.57292,0.30370,0,,0.17636,0.62550,12.41566,0.98980,1,0.53367,0.61487,12.27982,0.98980,1,0,0.00000,6,3.55891,1,3.32175,1,0.00000,0,0,0,0,0,0,1,1,0,0.00000,0,AOI 209,129.50629,97.34224,0,
5,MOBILE_A.png,39,0.65723,90292396543,0.44991,-0.00716,0.36133,0.29590,4,1,0.50737,-0.01105,1,1.57292,0.30370,0,,0.18255,0.62192,12.51637,0.98980,1,0.53935,0.61062,12.05623,0.98980,1,0,0.00000,6,3.58163,1,3.46921,1,0.00000,0,0,0,0,0,0,1,1,0,0.00000,0,,207.15521,41.37752,0,
5,MOBILE_A.png,59,0.98633,90295681225,0.49142,0.01450,0.67383,0.31250,5,1,0.42123,-0.02139,1,1.57292,0.30370,0,,0.17795,0.62168,13.55405,1.02318,1,0.53491,0.61051,14.15006,1.01205,1,0,0.00000,6,3.89636,1,3.74308,1,0.00000,0,0,0,0,0,0,1,1,0,0.00000,0,AOI 208,83.06136,343.64233,0,
5,MOBILE_A.png,77,1.28125,90298639520,0.44088,-0.01586,1.00195,0.27930,6,1,0.48173,-0.05374,1,1.57292,0.30370,0,,0.18135,0.62143,13.85456,1.03430,1,0.53836,0.61026,14.24505,1.03430,1,0,0.00000,6,4.01661,1,3.89522,1,0.00000,0,0,0,0,0,0,1,1,0,0.00000,0,,102.42679,161.32985,0,
5,MOBILE_A.png,100,1.65918,90302416739,0.49845,-0.00046,1.29785,0.36133,7,1,0.52938,0.04023,1,1.57292,0.30370,0,,0.18218,0.62292,14.72559,0.95133,1,0.53993,0.61140,15.25292,0.95133,1,0,0.00000,6,4.21014,1,4.10657,1,0.00000,0,0,0,0,0,0,1,1,0,0.00000,0,,111.77872,351.44296,0,
5,MOBILE_A.png,126,2.08691,90306687873,0.42519,0.24632,1.72559,0.36133,8,1,0.51360,0.27008,1,1.57292,0.30370,0,,0.18098,0.63302,16.38003,0.97097,1,0.53779,0.62063,15.74585,0.96155,1,0,0.00000,6,4.45036,1,4.35971,1,0.00000,0,0,0,0,0,0,1,1,0,0.00000,0,AOI 210,301.36224,242.17680,0,
5,MOBILE_A.png,181,2.99023,90315723330,0.49864,0.23431,2.10254,0.88770,9,1,0.40750,0.27927,1,1.57292,0.30370,0,,0.17537,0.63555,14.49922,0.96095,1,0.53252,0.62368,14.95006,0.96095,1,0,0.00000,6,4.16494,1,4.37730,1,0.00000,0,0,0,0,0,0,1,1,0,0.00000,0,AOI 210,141.61923,5.25505,0,
5,MOBILE_A.png,200,3.30273,90318846256,0.41987,0.27646,3.00684,0.29590,10,1,0.50111,0.34092,1,1.57292,0.30370,0,,0.17939,0.63690,15.37556,0.94232,1,0.53638,0.62469,14.28779,0.95173,1,0,0.00000,6,4.24690,1,4.05615,1,0.00000,0,0,0,0,0,0,1,1,0,0.00000,0,,157.94083,196.75153,0,
5,MOBILE_A.png,226,3.72949,90323118578,0.49671,0.29472,3.31836,0.41113,11,1,0.42005,0.44242,1,1.57292,0.30370,0,,0.17744,0.64404,14.11150,1.01427,1,0.53300,0.63218,13.60088,1.01427,1,0,0.00000,5,3.46678,1,3.55564,1,0.00000,0,0,0,0,0,0,1,1,0,0.00000,0,AOI 50,148.84505,352.38635,0,
5,MOBILE_A.png,260,4.28809,90328701909,0.40773,0.58529,3.79492,0.49316,12,1,0.44740,0.59030,1,1.57292,0.30370,0,,0.18244,0.64398,14.06933,0.96155,1,0.53965,0.63326,13.95330,0.97096,1,0,0.00000,5,3.46671,1,3.33202,1,0.00000,0,0,0,0,0,0,1,1,0,0.00000,0,AOI 51,357.30533,241.43607,0,
5,MOBILE_A.png,283,4.66602,90332479938,0.49987,0.56303,4.30469,0.36133,13,1,0.51299,0.52197,1,1.57292,0.30370,0,,0.18346,0.64655,14.51970,1.05878,1,0.54111,0.63516,13.90322,1.04765,1,0,0.00000,5,3.61716,1,3.45486,1,0.00000,0,0,0,0,0,0,1,1,0,0.00000,0,AOI 51,178.53484,7.73874,0,
5,MOBILE_A.png,299,4.92871,90335111227,0.52058,0.61657,4.66602,0.26270,14,1,0.54363,0.94745,1,1.57292,0.30370,0,,0.18820,0.65865,11.94631,0.98038,1,0.54402,0.64837,12.05680,0.97096,1,0,0.00000,5,3.01971,1,2.93670,1,0.00000,0,0,0,0,0,0,1,1,0,0.00000,0,AOI 52,70.17571,304.51508,0,
5,MOBILE_A.png,337,5.55273,90341351340,0.53733,0.91683,4.99414,0.55859,15,1,0.57564,0.90105,1,1.57292,0.30370,0,,0.18997,0.65744,11.76563,1.03501,1,0.54637,0.64910,11.60543,1.01447,1,0,0.00000,5,3.06658,1,3.15508,1,0.00000,0,0,0,0,0,0,1,1,0,0.00000,0,AOI 53,325.87164,275.66370,0,
5,MOBILE_A.png,352,5.79980,90343817518,0.59896,0.83918,5.56934,0.23047,16,1,0.57118,0.59288,1,1.57292,0.30370,0,,0.18879,0.62963,13.21142,1.00116,1,0.54983,0.64767,11.49146,1.00116,0,0,0.00000,4,3.52943,1,3.74827,0,0.00000,0,0,0,0,0,0,1,1,0,0.00000,0,AOI 53,145.03354,35.32579,0,
5,MOBILE_A.png,369,6.06348,90346457416,0.48414,0.06950,5.85156,0.21191,17,1,0.41821,0.02874,1,1.57292,0.30370,0,,0.18172,0.62371,12.80361,0.97096,1,0.53895,0.61442,12.79010,0.96155,1,0,0.00000,4,3.74930,1,3.47103,1,0.00000,0,0,0,0,0,0,1,1,0,0.00000,0,AOI 208,859.99072,104.85330,0,
5,MOBILE_A.png,384,6.32520,90349074712,0.42878,-0.08526,6.09473,0.23047,18,1,0.42442,-0.17512,1,1.57292,0.30370,0,,0.18176,0.62121,13.26188,1.03525,1,0.53982,0.61228,13.02438,1.03525,1,0,0.00000,4,3.77155,1,3.55887,1,0.00000,0,0,0,0,0,0,1,1,0,0.00000,0,,198.07542,122.45385,0,
5,MOBILE_A.png,410,6.75195,90353345566,0.45097,-0.13482,6.32617,0.42578,19,1,0.52220,-0.30113,0,1.57292,0.30370,0,,0.18318,0.62163,13.58949,0.95133,0,0.54081,0.61288,13.97780,0.95133,0,0,0.00000,4,3.88008,0,3.88350,0,0.00000,0,0,0,0,0,0,1,1,0,0.00000,0,,68.41106,51.48083,0,
5,MOBILE_A.png,446,7.34375,90359260244,0.41781,0.22705,7.09863,0.24512,20,1,0.43712,0.54013,1,1.57292,0.30370,0,,0.18432,0.64273,15.17707,0.96155,1,0.54167,0.63313,15.79814,0.97096,1,0,0.00000,5,3.88097,1,3.74999,1,0.00000,0,0,0,0,0,0,1,1,0,0.00000,0,AOI 210,395.97156,260.74741,0,
5,MOBILE_A.png,465,7.65625,90362381390,0.42377,0.60294,7.40918,0.24707,21,1,0.41253,0.63657,1,1.57292,0.30370,0,,0.18194,0.64630,14.28775,0.91367,1,0.54124,0.63636,14.96457,0.91367,1,0,0.00000,5,3.84188,1,3.69424,1,0.00000,0,0,0,0,0,0,1,1,0,0.00000,0,,406.12250,271.61462,0,
5,MOBILE_A.png,480,7.90234,90364845578,0.49510,0.59829,7.67188,0.23047,22,1,0.53637,0.56473,1,1.57292,0.30370,0,,0.19155,0.64441,14.95343,1.01769,1,0.55127,0.63577,14.27142,1.03824,1,0,0.00000,5,3.73080,1,3.71986,1,0.00000,0,0,0,0,0,0,1,1,0,0.00000,0,,137.04559,2.10007,0,
5,MOBILE_A.png,496,8.16504,90367474738,0.46103,0.60914,7.91895,0.24609,23,1,0.39752,0.60992,1,1.57292,0.30370,0,,0.18357,0.64191,14.64405,0.97076,1,0.54290,0.63296,13.96575,0.97076,1,0,0.00000,5,3.66480,1,3.62169,1,0.00000,0,0,0,0,0,0,1,1,0,0.00000,0,,66.45563,190.15593,0,
5,MOBILE_A.png,526,8.67480,90372567263,0.39291,0.64167,8.18164,0.49316,24,1,0.42060,0.68946,1,1.57292,0.30370,0,,0.18682,0.64255,15.12794,0.91367,1,0.54604,0.63404,15.18094,0.91367,1,0,0.00000,5,3.81774,1,3.66218,1,0.00000,0,0,0,0,0,0,1,1,0,0.00000,0,AOI 52,135.42680,195.03568,0,
5,MOBILE_A.png,547,9.01953,90376016648,0.48121,0.63807,8.69043,0.32910,25,1,0.52068,0.61701,1,1.57292,0.30370,0,,0.18895,0.64239,15.26597,0.98979,1,0.54826,0.63339,14.55966,0.98979,1,0,0.00000,5,3.80260,1,3.91554,1,0.00000,0,0,0,0,0,0,1,1,0,0.00000,0,AOI 52,169.58058,1.31374,0,
5,MOBILE_A.png,592,9.74512,90383276673,0.50877,0.62839,9.01953,0.72559,26,1,0.53571,0.60147,1,1.57292,0.30370,0,,0.19311,0.64283,13.74174,1.03430,1,0.55136,0.63448,12.52566,1.03430,1,0,0.00000,5,3.35718,1,3.46610,1,0.00000,0,0,0,0,0,0,1,1,0,0.00000,0,AOI 52,53.93801,11.17595,0,
5,MOBILE_A.png,610,10.05469,90386369835,0.56026,0.65436,9.77539,0.27930,27,1,0.55313,0.65945,1,1.57292,0.30370,0,,0.19265,0.64250,13.26821,0.96155,1,0.55147,0.63349,12.29020,0.97096,1,0,0.00000,5,3.30014,1,3.39974,1,0.00000,0,0,0,0,0,0,1,1,0,0.00000,0,AOI 52,102.76251,344.16095,0,
8,TIMES_OF_MALTA_29_02_24_A.jpg,11,0.16504,90388181359,0.57320,0.64537,0.00000,0.16504,1,1,0.59958,0.63163,1,1.57292,0.30370,0,,0.19664,0.64169,13.51452,0.98169,1,0.55556,0.63339,12.70939,0.99282,1,0,0.00000,5,3.44351,1,3.31169,1,0.00000,0,0,0,0,0,0,1,1,0,0.00000,0,,26.67449,21.34525,0,
8,TIMES_OF_MALTA_29_02_24_A.jpg,27,0.44336,90390967738,0.52731,0.62279,0.19629,0.24707,2,1,0.30760,0.63492,1,1.57292,0.30370,0,,0.18204,0.64125,13.92375,0.94252,1,0.53941,0.63210,13.05202,0.94252,1,0,0.00000,5,3.66084,1,3.38169,1,0.00000,0,0,0,0,0,0,1,1,0,0.00000,0,,91.42124,164.52914,0,
8,TIMES_OF_MALTA_29_02_24_A.jpg,50,0.82129,90394744804,0.19260,0.16336,0.58887,0.23242,3,1,0.12661,0.37863,1,1.57292,0.30370,0,,0.17589,0.63111,11.15989,1.03430,1,0.53226,0.62387,10.62971,1.03430,1,0,0.00000,5,2.90117,1,2.87166,1,0.00000,0,0,0,0,0,0,1,1,0,0.00000,0,,811.90472,142.32829,0,
8,TIMES_OF_MALTA_29_02_24_A.jpg,73,1.21484,90398687569,0.17434,0.43587,0.88672,0.32812,4,1,0.27305,0.49128,1,1.57292,0.30370,0,,0.17606,0.63184,11.52831,0.91367,1,0.53452,0.62557,12.31789,0.91367,1,0,0.00000,5,3.26944,1,3.68368,1,0.00000,0,0,0,0,0,0,1,1,0,0.00000,0,AOI 80-AOI 80,296.39163,263.20676,0,
8,TIMES_OF_MALTA_29_02_24_A.jpg,94,1.56055,90402140641,0.27248,0.45070,1.21582,0.34473,5,1,0.30154,0.41906,1,1.57292,0.30370,0,,0.18058,0.63404,13.96527,0.97486,1,0.53831,0.62574,13.24801,0.97486,1,0,0.00000,5,3.85377,1,3.81944,1,0.00000,0,0,0,0,0,0,1,1,0,0.00000,0,AOI 80-AOI 80,189.10831,355.14154,0,
8,TIMES_OF_MALTA_29_02_24_A.jpg,114,1.88867,90405422642,0.34661,0.44411,1.57715,0.31152,6,1,0.41665,0.41674,1,1.57292,0.30370,0,,0.18584,0.63307,14.28506,0.98038,1,0.54250,0.62452,13.27986,0.98979,1,0,0.00000,5,3.90955,1,3.73868,1,0.00000,0,0,0,0,0,0,1,1,0,0.00000,0,AOI 80-AOI 80,142.50743,2.86270,0,
8,TIMES_OF_MALTA_29_02_24_A.jpg,128,2.11914,90407724491,0.26796,0.45313,1.90527,0.21387,7,1,0.13762,0.46587,1,1.57292,0.30370,0,,0.17028,0.63367,13.17317,0.98018,1,0.52856,0.62671,13.90215,0.98018,1,0,0.00000,5,3.53410,1,3.89671,1,0.00000,0,0,0,0,0,0,1,1,0,0.00000,0,AOI 80-AOI 80,151.32188,183.69106,0,
8,TIMES_OF_MALTA_29_02_24_A.jpg,151,2.49707,90411502660,0.20999,0.49017,2.13574,0.36133,8,1,0.34139,0.50062,1,1.57292,0.30370,0,,0.17495,0.63385,12.02334,0.95133,1,0.53196,0.62557,12.60110,0.95133,1,0,0.00000,5,3.57779,1,3.89359,1,0.00000,0,0,0,0,0,0,1,1,0,0.00000,0,AOI 80-AOI 87-AOI 80-AOI 87,118.27293,199.76894,0,
8,TIMES_OF_MALTA_29_02_24_A.jpg,180,2.97363,90416266680,0.33223,0.48345,2.51270,0.46094,9,1,0.38828,0.50456,1,1.57292,0.30370,0,,0.18263,0.63416,15.05144,0.91367,1,0.54021,0.62500,15.01527,0.91367,1,0,0.00000,5,3.87640,1,3.71284,1,0.00000,0,0,0,0,0,0,1,1,0,0.00000,0,AOI 80-AOI 87-AOI 80-AOI 87,234.81299,1.77119,0,
8,TIMES_OF_MALTA_29_02_24_A.jpg,194,3.20312,90418565857,0.50915,0.49551,2.98926,0.21387,10,1,0.54737,0.45243,1,1.57292,0.30370,0,,0.19309,0.63309,15.52509,1.03652,1,0.55089,0.62496,14.28491,1.04765,1,0,0.00000,5,3.78545,1,3.70004,1,0.00000,0,0,0,0,0,0,1,1,0,0.00000,0,AOI 82-AOI 82,339.93607,357.80414,0,
8,TIMES_OF_MALTA_29_02_24_A.jpg,222,3.66309,90423167281,0.55211,0.25199,3.26855,0.39453,11,1,0.53991,0.29189,1,1.57292,0.30370,0,,0.19257,0.63015,14.76503,0.99584,1,0.55007,0.62188,14.16258,0.97530,1,0,0.00000,5,4.13321,1,3.95258,1,0.00000,0,0,0,0,0,0,1,1,0,0.00000,0,AOI 81-AOI 81,275.63260,72.58740,0,
8,TIMES_OF_MALTA_29_02_24_A.jpg,243,4.00781,90426616628,0.57396,0.27297,3.67969,0.32812,12,1,0.61945,0.21444,1,1.57292,0.30370,0,,0.19812,0.62959,15.12238,1.02317,1,0.55637,0.62283,14.25731,1.02317,1,0,0.00000,5,4.34794,1,4.57043,1,0.00000,0,0,0,0,0,0,1,1,0,0.00000,0,AOI 81-AOI 81,47.67981,331.62634,0,
8,TIMES_OF_MALTA_29_02_24_A.jpg,259,4.27148,90429245191,0.58600,0.29738,4.00879,0.26270,13,1,0.53464,0.39656,1,1.57292,0.30370,0,,0.19216,0.63447,15.03971,1.04590,1,0.55063,0.62624,14.08195,1.03478,1,0,0.00000,5,3.82951,1,3.79646,1,0.00000,0,0,0,0,0,0,1,1,0,0.00000,0,AOI 81-AOI 81,35.06260,311.24661,0,
8,TIMES_OF_MALTA_29_02_24_A.jpg,296,4.87891,90435324965,0.53841,0.44227,4.33691,0.54199,14,1,0.57710,0.42072,1,1.57292,0.30370,0,,0.19452,0.63550,15.61434,1.03430,1,0.55390,0.62843,14.77068,1.03430,1,0,0.00000,5,3.76145,1,3.67863,1,0.00000,0,0,0,0,0,0,1,1,0,0.00000,0,AOI 82-AOI 82,181.20529,239.71840,0,
8,TIMES_OF_MALTA_29_02_24_A.jpg,323,5.32227,90439758287,0.60169,0.45220,4.89551,0.42676,15,1,0.63869,0.43262,1,1.57292,0.30370,0,,0.19671,0.63667,16.10405,1.03430,1,0.55596,0.62949,15.61173,1.03430,1,0,0.00000,5,3.84534,1,3.78836,1,0.00000,0,0,0,0,0,0,1,1,0,0.00000,0,AOI 82-AOI 82,121.96996,354.95566,0,
8,TIMES_OF_MALTA_29_02_24_A.jpg,338,5.56934,90442224078,0.55502,0.47588,5.33887,0.23047,16,1,0.52463,0.47062,1,1.57292,0.30370,0,,0.19174,0.63732,15.30676,0.99584,1,0.55170,0.62912,15.17608,0.99584,1,0,0.00000,5,3.73397,1,3.73601,1,0.00000,0,0,0,0,0,0,1,1,0,0.00000,0,AOI 82-AOI 82,93.18456,195.92917,0,
8,TIMES_OF_MALTA_29_02_24_A.jpg,359,5.91406,90445673039,0.56086,0.45488,5.58496,0.32910,17,1,0.57432,0.46157,1,1.57292,0.30370,0,,0.19614,0.63662,15.90989,0.98979,1,0.55569,0.62917,15.05379,0.98979,1,0,0.00000,5,3.80342,1,3.94758,1,0.00000,0,0,0,0,0,0,1,1,0,0.00000,0,AOI 82-AOI 82,25.30042,63.69241,0,
8,TIMES_OF_MALTA_29_02_24_A.jpg,372,6.12793,90447811814,0.41146,0.57833,5.92969,0.19824,18,1,0.33177,0.64373,1,1.57292,0.30370,0,,0.18330,0.64208,14.24650,0.97076,1,0.54132,0.63518,15.08396,0.97076,1,0,0.00000,5,4.04707,1,3.59478,1,0.00000,0,0,0,0,0,0,1,1,0,0.00000,0,AOI 80-AOI 80,316.31879,204.92885,0,
8,TIMES_OF_MALTA_29_02_24_A.jpg,403,6.63672,90452902566,0.34632,0.66116,6.19336,0.44336,19,1,0.43235,0.68517,1,1.57292,0.30370,0,,0.18869,0.64344,12.38664,0.97617,1,0.54650,0.63713,11.74183,0.99671,1,0,0.00000,5,3.39643,1,2.99035,1,0.00000,0,0,0,0,0,0,1,1,0,0.00000,0,,153.76823,215.57454,0,
8,TIMES_OF_MALTA_29_02_24_A.jpg,421,6.93262,90455861368,0.46850,0.63613,6.65332,0.27930,20,1,0.63783,0.60301,1,1.57292,0.30370,0,,0.19749,0.64207,11.83097,0.91367,1,0.55646,0.63615,9.90963,0.91367,1,0,0.00000,5,2.86044,1,3.03893,1,0.00000,0,0,0,0,0,0,1,1,0,0.00000,0,,236.13797,6.57347,0,
8,TIMES_OF_MALTA_29_02_24_A.jpg,441,7.26074,90459144775,0.61830,0.61375,6.99023,0.27051,21,1,0.55720,0.59447,1,1.57292,0.30370,0,,0.19726,0.64438,11.97820,1.05382,1,0.55671,0.63889,9.60903,1.06323,1,0,0.00000,5,3.15188,1,2.96843,1,0.00000,0,0,0,0,0,0,1,1,0,0.00000,0,AOI 82-AOI 82,288.62985,4.80368,0,
8,TIMES_OF_MALTA_29_02_24_A.jpg,459,7.55664,90462102739,0.53356,0.62601,7.27734,0.27930,22,1,0.46154,0.57763,1,1.57292,0.30370,0,,0.19150,0.64447,12.77650,1.05921,1,0.54958,0.63880,12.15401,1.07975,1,0,0.00000,5,3.26857,1,3.07514,1,0.00000,0,0,0,0,0,0,1,1,0,0.00000,0,,163.23869,184.65257,0,
8,TIMES_OF_MALTA_29_02_24_A.jpg,483,7.95117,90466044732,0.49270,0.60203,7.57324,0.37793,23,1,0.54471,0.60150,1,1.57292,0.30370,0,,0.19678,0.64423,13.21319,1.04785,1,0.55571,0.63965,12.28955,1.08174,1,0,0.00000,5,3.38957,1,3.25216,1,0.00000,0,0,0,0,0,0,1,1,0,0.00000,0,AOI 80-AOI 80,82.61547,161.73082,0,
8,TIMES_OF_MALTA_29_02_24_A.jpg,512,8.42773,90470807914,0.60386,0.62614,8.01660,0.41113,24,1,0.59613,0.38162,1,1.57292,0.30370,0,,0.19844,0.64496,11.38448,0.98979,1,0.56016,0.64032,11.93024,0.98979,0,0,0.00000,5,3.81239,1,3.55192,0,0.00000,0,0,0,0,0,0,1,1,0,0.00000,0,,215.00978,353.04410,0,
8,TIMES_OF_MALTA_29_02_24_A.jpg,535,8.80566,90474588372,0.34228,0.67680,8.49316,0.31250,25,1,0.62701,0.46591,1,1.57292,0.30370,0,,0.19414,0.63934,11.03801,0.94232,1,0.55457,0.63357,9.38546,0.95173,1,0,0.00000,5,4.24339,1,3.11017,1,0.00000,0,0,0,0,0,0,1,1,0,0.00000,0,,505.20505,186.21724,0,
8,TIMES_OF_MALTA_29_02_24_A.jpg,557,9.15137,90478047638,0.74906,0.39693,8.87109,0.28027,26,1,0.75976,0.39694,1,1.57292,0.30370,0,,0.20703,0.63802,13.24061,0.98979,1,0.56627,0.63150,11.58775,0.98979,1,0,0.00000,5,3.79103,1,3.12876,1,0.00000,0,0,0,0,0,0,1,1,0,0.00000,0,AOI 85-AOI 85,837.46600,21.15681,0,
8,TIMES_OF_MALTA_29_02_24_A.jpg,584,9.61035,90482638631,0.75629,0.45000,9.18262,0.42773,27,1,0.73223,0.61144,1,1.57292,0.30370,0,,0.20861,0.63950,13.11594,0.98979,1,0.56760,0.63309,10.85493,0.98979,1,0,0.00000,5,3.72858,1,3.13259,1,0.00000,0,0,0,0,0,0,1,1,0,0.00000,0,,58.97266,283.61462,0,
8,TIMES_OF_MALTA_29_02_24_A.jpg,611,10.05371,90487073944,0.74821,0.61622,9.67578,0.37793,28,1,0.74704,0.62788,1,1.57292,0.30370,0,,0.20781,0.64218,12.79117,0.98979,1,0.56621,0.63928,12.21059,0.98979,1,0,0.00000,5,3.37812,1,3.63542,1,0.00000,0,0,0,0,0,0,1,1,0,0.00000,0,AOI 86-AOI 86,180.18666,265.06088,0,
9,TVM_14_03_24_A.png,13,0.21387,90489372517,0.75104,0.62806,0.00000,0.21387,1,1,0.74565,0.68060,1,1.57292,0.30370,0,,0.20760,0.64550,12.11901,0.96115,1,0.56572,0.64130,11.39830,0.95173,1,0,0.00000,5,3.34539,1,3.43874,1,0.00000,0,0,0,0,0,0,1,1,0,0.00000,0,,13.89378,293.02179,0,
9,TVM_14_03_24_A.png,27,0.42773,90491514980,0.63272,0.59638,0.22949,0.19824,2,1,0.42379,0.53396,1,1.57292,0.30370,0,,0.19228,0.64072,12.34207,0.98979,1,0.55048,0.63550,11.43755,0.98979,1,0,0.00000,5,3.33006,1,3.31484,1,0.00000,0,0,0,0,0,0,1,1,0,0.00000,0,AOI 92,229.73648,171.43513,0,
9,TVM_14_03_24_A.png,63,1.03516,90497587663,0.28984,0.71675,0.55859,0.47656,3,1,0.35114,0.73182,0,1.57292,0.30370,0,,0.18359,0.64696,12.44606,0.98979,0,0.54029,0.64040,11.51911,0.98979,0,1024,0.00000,5,3.59340,0,3.33943,0,0.00000,0,0,0,0,0,0,1,1,0,0.00000,0,AOI 94,671.04230,191.17043,0,
9,TVM_14_03_24_A.png,88,1.44531,90501694503,0.42593,0.07162,1.19922,0.24609,4,1,0.28379,0.28380,1,1.57292,0.30370,0,,0.18075,0.62930,12.43031,0.97056,1,0.53887,0.62642,12.78277,0.97056,1,0,0.00000,6,3.33273,1,3.89999,1,0.00000,0,0,0,0,0,0,1,1,0,0.00000,0,AOI 88,744.12439,69.44286,0,
9,TVM_14_03_24_A.png,107,1.74219,90504656503,0.20239,0.33282,1.51172,0.23047,5,1,0.18155,0.32874,1,1.57292,0.30370,0,,0.17245,0.62954,14.19985,0.96437,1,0.53178,0.62582,14.85164,0.94383,1,0,0.00000,6,3.73502,1,4.23491,1,0.00000,0,0,0,0,0,0,1,1,0,0.00000,0,AOI 88,513.60297,213.31551,0,
9,TVM_14_03_24_A.png,128,2.10254,90508266641,0.18786,0.34090,1.77441,0.32812,6,1,0.26000,0.33855,1,1.57292,0.30370,0,,0.17920,0.63099,16.18555,0.94212,1,0.53758,0.62668,16.03049,0.93270,1,0,0.00000,6,4.30927,1,4.37890,1,0.00000,0,0,0,0,0,0,1,1,0,0.00000,0,AOI 88,29.23059,197.36975,0,
9,TVM_14_03_24_A.png,144,2.36523,90510894068,0.31516,0.31579,2.11914,0.24609,7,1,0.44441,0.25328,1,1.57292,0.30370,0,,0.18881,0.62867,16.74527,0.94252,1,0.54730,0.62245,15.97814,0.95193,1,0,0.00000,6,4.71605,1,4.45980,1,0.00000,0,0,0,0,0,0,1,1,0,0.00000,0,AOI 88,245.91591,6.33127,0,
9,TVM_14_03_24_A.png,168,2.75977,90514836703,0.50978,0.12512,2.48047,0.27930,8,1,0.59890,0.25728,1,1.57292,0.30370,0,,0.19614,0.62548,15.86779,0.98018,1,0.55559,0.62121,15.25182,0.98018,1,0,0.00000,6,4.37989,1,4.15493,1,0.00000,0,0,0,0,0,0,1,1,0,0.00000,0,AOI 89,426.65451,28.85844,0,
9,TVM_14_03_24_A.png,196,3.21973,90519438150,0.58149,0.24834,2.80957,0.41016,9,1,0.69539,0.21650,1,1.57292,0.30370,0,,0.20215,0.62701,17.55543,1.02317,1,0.56072,0.62159,17.28772,1.01205,1,0,0.00000,6,4.56966,1,4.54898,1,0.00000,0,0,0,0,0,0,1,1,0,0.00000,0,AOI 89,191.48451,315.97452,0,
9,TVM_14_03_24_A.png,223,3.66309,90523872859,0.66993,0.29168,3.23633,0.42676,10,1,0.28099,0.48184,1,1.57292,0.30370,0,,0.17906,0.63377,17.26250,0.96115,1,0.53815,0.62722,16.36102,0.95173,1,0,0.00000,6,4.13084,1,4.13175,1,0.00000,0,0,0,0,0,0,1,1,0,0.00000,0,AOI 89,176.13799,344.58896,0,
9,TVM_14_03_24_A.png,241,3.96094,90526842911,0.24426,0.53301,3.72949,0.23145,11,1,0.23269,0.58027,1,1.57292,0.30370,0,,0.17458,0.63785,16.06039,0.91985,1,0.53368,0.63051,16.10340,0.91985,1,0,0.00000,6,4.32937,1,3.90792,1,0.00000,0,0,0,0,0,0,1,1,0,0.00000,0,AOI 90,857.83942,197.68773,0,
9,TVM_14_03_24_A.png,268,4.40332,90531268480,0.19288,0.58856,3.97559,0.42773,12,1,0.37628,0.52928,1,1.57292,0.30370,0,,0.18232,0.63862,15.64082,0.96155,1,0.54148,0.63101,15.69020,0.97096,1,0,0.00000,6,3.78194,1,3.77618,1,0.00000,0,0,0,0,0,0,1,1,0,0.00000,0,AOI 90,115.46000,211.30598,0,
9,TVM_14_03_24_A.png,306,5.04395,90537674193,0.35684,0.51584,4.46875,0.57520,13,1,0.39379,0.36190,1,1.57292,0.30370,0,,0.18021,0.63780,14.11198,0.99453,1,0.53901,0.62922,14.19067,0.97399,1,0,0.00000,6,3.80544,1,3.67965,1,0.00000,0,0,0,0,0,0,1,1,0,0.00000,0,AOI 91,324.45215,14.00828,0,
9,TVM_14_03_24_A.png,325,5.35547,90540795358,0.43161,0.40342,5.06055,0.29492,14,1,0.58338,0.49956,1,1.57292,0.30370,0,,0.19250,0.64010,14.99512,0.93250,1,0.55193,0.63114,13.51342,0.94192,1,0,0.00000,6,3.50752,1,3.47597,1,0.00000,0,0,0,0,0,0,1,1,0,0.00000,0,AOI 88,188.01665,40.22266,0,
9,TVM_14_03_24_A.png,349,5.75000,90544737781,0.60026,0.49057,5.40527,0.34473,15,1,0.76322,0.42951,1,1.57292,0.30370,0,,0.20059,0.63876,15.33580,0.98979,1,0.55953,0.63044,15.54852,0.98979,1,0,0.00000,6,4.05302,1,4.14812,1,0.00000,0,0,0,0,0,0,1,1,0,0.00000,0,AOI 92,337.21008,343.79233,0,
9,TVM_14_03_24_A.png,377,6.20996,90549337653,0.75348,0.45412,5.81543,0.39453,16,1,0.64651,0.50781,1,1.57292,0.30370,0,,0.19343,0.64078,12.07230,0.97231,1,0.55659,0.63319,13.30306,0.98979,1,0,0.00000,6,4.22335,1,3.30403,1,0.00000,0,0,0,0,0,0,1,1,0,0.00000,0,AOI 93,296.80457,7.62175,0,
9,TVM_14_03_24_A.png,400,6.58789,90553115877,0.31839,0.72671,6.27539,0.31250,17,1,0.55035,0.60853,1,1.57292,0.30370,0,,0.19000,0.64449,10.01552,0.99544,1,0.55252,0.63659,8.80066,1.00485,1,0,0.00000,6,3.79215,1,2.87054,1,0.00000,0,0,0,0,0,0,1,1,0,0.00000,0,AOI 94,885.72992,199.41319,0,
9,TVM_14_03_24_A.png,412,6.80176,90555253700,0.55644,0.46023,6.65332,0.14844,18,1,0.45719,-0.05353,1,1.57292,0.30370,0,,0.18778,0.61660,12.06200,1.00243,1,0.54636,0.60729,11.63878,1.01356,1,0,0.00000,6,3.55064,1,3.25688,1,0.00000,0,0,0,0,0,0,1,1,0,0.00000,0,AOI 92,540.11853,32.19775,0,
9,TVM_14_03_24_A.png,435,7.17969,90559031284,0.47124,0.00749,6.85156,0.32812,19,1,0.46937,0.04391,1,1.57292,0.30370,0,,0.18899,0.62156,12.59459,0.98979,1,0.55047,0.61409,11.15004,0.98979,1,0,0.00000,6,3.49779,1,3.04049,1,0.00000,0,0,0,0,0,0,1,1,0,0.00000,0,AOI 95,515.59747,108.49795,0,
9,TVM_14_03_24_A.png,455,7.48633,90562105629,0.46847,0.05274,7.19531,0.29102,20,1,0.48336,0.07456,1,1.57292,0.30370,0,,0.18592,0.62126,14.00588,0.98979,1,0.54672,0.61276,13.22914,0.98979,1,0,0.00000,6,3.90709,1,3.71516,1,0.00000,0,0,0,0,0,0,1,1,0,0.00000,0,,49.15855,263.78906,0,
9,TVM_14_03_24_A.png,475,7.83691,90565602687,0.46717,0.09375,7.52441,0.31250,21,1,0.45602,0.06750,1,1.57292,0.30370,0,,0.18757,0.62121,15.21127,0.98979,1,0.54803,0.61393,14.44772,0.98979,1,0,0.00000,6,4.15644,1,4.02985,1,0.00000,0,0,0,0,0,0,1,1,0,0.00000,0,AOI 88,44.36107,266.77454,0,
9,TVM_14_03_24_A.png,493,8.13281,90568569775,0.42503,0.05655,7.85254,0.28027,22,1,0.24943,0.01620,1,1.57292,0.30370,0,,0.17440,0.61687,14.38462,0.88377,1,0.53309,0.60940,15.63336,0.88377,1,0,0.00000,6,4.18506,1,4.22991,1,0.00000,0,0,0,0,0,0,1,1,0,0.00000,0,,90.33464,153.59290,0,
9,TVM_14_03_24_A.png,509,8.37891,90571028588,0.37628,0.15358,8.19727,0.18164,23,1,0.59478,0.61007,1,1.57292,0.30370,0,,0.19415,0.64131,14.86008,1.02365,1,0.55117,0.63301,14.94467,1.03477,1,0,0.00000,6,4.20604,1,4.00526,1,0.00000,0,0,0,0,0,0,1,1,0,0.00000,0,AOI 88,140.50764,228.22894,0,
9,TVM_14_03_24_A.png,528,8.70703,90574309680,0.55560,0.75092,8.46094,0.24609,24,1,0.66314,0.83207,1,1.57292,0.30370,0,,0.19835,0.65006,15.42878,0.98979,1,0.55861,0.64278,15.61591,0.98979,1,0,0.00000,6,3.99358,1,3.85884,1,0.00000,0,0,0,0,0,0,1,1,0,0.00000,0,AOI 94,731.25079,298.08813,0,
9,TVM_14_03_24_A.png,555,9.15039,90578744541,0.65535,0.88506,8.75098,0.39941,25,1,0.55697,0.70624,1,1.57292,0.30370,0,,0.19512,0.64890,9.78465,0.98979,1,0.55591,0.64085,10.17332,0.98979,1,0,0.00000,6,3.09695,1,2.85614,1,0.00000,0,0,0,0,0,0,1,1,0,0.00000,0,AOI 94,240.14085,322.89511,0,
9,TVM_14_03_24_A.png,575,9.47949,90582030613,0.40397,0.51010,9.20020,0.27930,26,1,0.41775,0.23052,1,1.57292,0.30370,0,,0.18565,0.62816,12.18216,0.98979,1,0.54505,0.62202,13.26808,0.98979,1,0,0.00000,5,3.30342,1,3.52405,1,0.00000,0,0,0,0,0,0,1,1,0,0.00000,0,AOI 91,630.03229,140.00240,0,
9,TVM_14_03_24_A.png,591,9.75977,90584831788,0.44541,0.06224,9.56152,0.19824,27,1,0.47856,-0.05549,1,1.57292,0.30370,0,,0.18915,0.61798,12.82815,1.03430,1,0.54956,0.61083,12.21401,1.02317,1,0,0.00000,5,3.55122,1,3.50524,1,0.00000,0,0,0,0,0,0,1,1,0,0.00000,0,,490.18918,80.65874,0,
9,TVM_14_03_24_A.png,607,9.99902,90587226499,0.47744,0.00067,9.76074,0.23828,28,1,0.48010,0.03389,1,1.57292,0.30370,0,,0.18983,0.61896,14.18391,0.98979,1,0.55058,0.61235,13.96228,0.98979,1,0,0.00000,5,3.85321,1,3.82293,1,0.00000,0,0,0,0,0,0,1,1,0,0.00000,0,AOI 95,90.57381,47.23623,0,
7,TIMES_OF_MALTA_15_03_24_A.png,9,0.14746,90589095668,0.47932,0.01697,0.00000,0.14746,1,1,0.48683,0.10398,1,1.57292,0.30370,0,,0.19006,0.61895,14.97693,0.94212,1,0.55093,0.61214,14.76869,0.93270,1,0,0.00000,5,4.12593,1,4.07184,1,0.00000,0,0,0,0,0,0,1,1,0,0.00000,0,AOI 64-AOI 64,17.97024,281.58743,0,
7,TIMES_OF_MALTA_15_03_24_A.png,23,0.37793,90591394857,0.42891,0.17390,0.16406,0.21387,2,1,0.29019,0.57227,1,1.57292,0.30370,0,,0.18035,0.63847,16.93775,0.94232,1,0.53878,0.63090,16.52993,0.95173,1,0,0.00000,5,4.09381,1,4.06490,1,0.00000,0,0,0,0,0,0,1,1,0,0.00000,0,AOI 65-AOI 65,195.17355,240.27069,0,
7,TIMES_OF_MALTA_15_03_24_A.png,40,0.65723,90594187488,0.19148,0.46617,0.42773,0.22949,3,1,0.16548,0.45690,1,1.57292,0.30370,0,,0.17260,0.63183,15.30755,0.94309,1,0.53293,0.62645,16.45327,0.94309,1,0,0.00000,5,4.12086,1,4.26653,1,0.00000,0,0,0,0,0,0,1,1,0,0.00000,0,AOI 65-AOI 65,554.48120,214.69960,0,
7,TIMES_OF_MALTA_15_03_24_A.png,62,1.01855,90597802657,0.20765,0.43728,0.65723,0.36133,4,1,0.32597,0.40481,1,1.57292,0.30370,0,,0.17968,0.63188,15.05489,0.95133,1,0.53785,0.62449,14.42502,0.95133,1,0,0.00000,5,4.21850,1,3.89822,1,0.00000,0,0,0,0,0,0,1,1,0,0.00000,0,AOI 65-AOI 65,44.01587,45.14250,0,
7,TIMES_OF_MALTA_15_03_24_A.png,81,1.33008,90600923486,0.31662,0.41805,1.03516,0.29492,5,1,0.18373,0.24487,0,1.57292,0.30370,0,,0.18081,0.62861,13.40016,1.03430,0,0.53653,0.61924,7.59098,1.03430,0,1025,0.00000,4,3.76546,0,2.36315,0,0.00000,0,0,0,0,0,0,1,1,0,0.00000,0,AOI 65-AOI 65,210.25064,5.66888,0,
7,TIMES_OF_MALTA_15_03_24_A.png,126,2.06934,90608316131,0.13816,0.46072,1.59375,0.47559,6,1,0.13207,0.59257,1,1.57292,0.30370,0,,0.17148,0.63893,15.99439,0.96095,1,0.52968,0.63078,15.85211,0.96095,1,0,0.00000,5,4.51488,1,3.97598,1,0.00000,0,0,0,0,0,0,1,1,0,0.00000,0,AOI 65-AOI 65,345.72830,187.66000,0,
7,TIMES_OF_MALTA_15_03_24_A.png,158,2.59570,90613574796,0.14486,0.64805,2.11914,0.47656,7,1,0.16272,0.60453,1,1.57292,0.30370,0,,0.17342,0.64081,15.79067,0.97056,1,0.53226,0.63335,14.70506,0.97056,1,0,0.00000,5,4.15025,1,3.97815,1,0.00000,0,0,0,0,0,0,1,1,0,0.00000,0,AOI 70-AOI 70,202.72493,273.63818,0,
7,TIMES_OF_MALTA_15_03_24_A.png,178,2.92383,90616859793,0.19540,0.62503,2.61230,0.31152,8,1,0.24059,0.64389,1,1.57292,0.30370,0,,0.17789,0.64041,14.48030,0.94192,1,0.53609,0.63325,13.98697,0.94192,1,0,0.00000,5,3.92272,1,3.48131,1,0.00000,0,0,0,0,0,0,1,1,0,0.00000,0,AOI 70-AOI 70,100.17105,14.37050,0,
7,TIMES_OF_MALTA_15_03_24_A.png,195,3.20312,90619651499,0.29404,0.61543,2.92480,0.27832,9,1,0.36312,0.61649,1,1.57292,0.30370,0,,0.18371,0.63858,14.14875,0.93250,1,0.54201,0.63334,11.88742,0.92309,1,0,0.00000,5,3.58383,1,3.43983,1,0.00000,0,0,0,0,0,0,1,1,0,0.00000,0,AOI 70-AOI 70,189.67235,3.13352,0,
7,TIMES_OF_MALTA_15_03_24_A.png,238,3.91016,90626716461,0.33234,0.62424,3.21973,0.69043,10,1,0.24491,0.61006,1,1.57292,0.30370,0,,0.17671,0.63676,11.59455,1.00545,1,0.53736,0.63291,11.43006,0.98491,1,0,0.00000,5,3.12208,1,3.45988,1,0.00000,0,0,0,0,0,0,1,1,0,0.00000,0,AOI 71-AOI 71,74.14902,352.62744,0,
7,TIMES_OF_MALTA_15_03_24_A.png,274,4.50098,90632632557,0.17666,0.64173,3.97559,0.52539,11,1,0.22590,0.67660,1,1.57292,0.30370,0,,0.18364,0.63700,13.22924,0.89101,1,0.54214,0.63151,10.36705,0.90849,1,0,0.00000,5,4.05289,1,2.80766,1,0.00000,0,0,0,0,0,0,1,1,0,0.00000,0,AOI 70-AOI 70,299.50183,183.61597,0,
7,TIMES_OF_MALTA_15_03_24_A.png,312,5.12500,90638873387,0.53324,0.58566,4.55176,0.57324,12,1,0.62196,0.60113,1,1.57292,0.30370,0,,0.20096,0.63790,13.65272,0.98979,1,0.55985,0.63348,12.18885,0.98979,1,0,0.00000,5,3.48118,1,3.63179,1,0.00000,0,0,0,0,0,0,1,1,0,0.00000,0,AOI 72-AOI 72,687.30652,5.05464,0,
7,TIMES_OF_MALTA_15_03_24_A.png,339,5.56934,90643309408,0.61755,0.59241,5.14160,0.42773,13,1,0.65752,0.56771,1,1.57292,0.30370,0,,0.20328,0.63928,13.36873,1.01204,1,0.56264,0.63533,12.33116,1.02317,1,0,0.00000,5,3.33730,1,3.46413,1,0.00000,0,0,0,0,0,0,1,1,0,0.00000,0,AOI 72-AOI 72,162.03926,357.42142,0,
7,TIMES_OF_MALTA_15_03_24_A.png,354,5.79980,90645613084,0.56335,0.60896,5.57031,0.22949,14,1,0.52793,0.65157,1,1.57292,0.30370,0,,0.19624,0.63970,12.74260,0.91367,1,0.55639,0.63540,10.92592,0.91367,1,0,0.00000,5,3.28108,1,3.10510,1,0.00000,0,0,0,0,0,0,1,1,0,0.00000,0,AOI 72-AOI 72,105.58781,189.74596,0,
7,TIMES_OF_MALTA_15_03_24_A.png,387,6.35742,90651194168,0.55644,0.63172,5.83203,0.52539,15,1,0.58808,0.66679,1,1.57292,0.30370,0,,0.20228,0.63995,13.44220,0.94211,1,0.56190,0.63667,13.63832,0.93270,1,0,0.00000,5,3.48083,1,3.50731,1,0.00000,0,0,0,0,0,0,1,1,0,0.00000,0,AOI 72-AOI 72,27.93280,241.64238,0,
7,TIMES_OF_MALTA_15_03_24_A.png,412,6.76855,90655302589,0.59149,0.62552,6.37402,0.39453,16,1,0.52518,0.65459,1,1.57292,0.30370,0,,0.19825,0.63996,13.78740,0.98979,1,0.55868,0.63627,12.92365,0.98979,1,0,0.00000,5,3.45388,1,3.26555,1,0.00000,0,0,0,0,0,0,1,1,0,0.00000,0,AOI 72-AOI 72,67.62833,5.68230,0,
7,TIMES_OF_MALTA_15_03_24_A.png,437,7.19531,90659574296,0.53357,0.65273,6.78516,0.41016,17,1,0.60920,0.57022,1,1.57292,0.30370,0,,0.20078,0.63873,14.76298,0.98979,1,0.56049,0.63510,13.77692,0.98979,1,0,0.00000,5,3.68448,1,3.40435,1,0.00000,0,0,0,0,0,0,1,1,0,0.00000,0,AOI 72-AOI 72,115.02370,194.80229,0,
7,TIMES_OF_MALTA_15_03_24_A.png,471,7.75391,90665159031,0.59146,0.61247,7.21191,0.54199,18,1,0.55173,0.65193,1,1.57292,0.30370,0,,0.20014,0.63779,14.72452,0.98979,1,0.56029,0.63406,13.26389,0.98979,1,0,0.00000,5,3.48460,1,3.20622,1,0.00000,0,0,0,0,0,0,1,1,0,0.00000,0,AOI 72-AOI 72,119.35089,21.36515,0,
7,TIMES_OF_MALTA_15_03_24_A.png,492,8.09863,90668609086,0.56563,0.61849,7.77051,0.32812,19,1,0.56381,0.44072,1,1.57292,0.30370,0,,0.19955,0.63156,15.78273,0.95153,1,0.55820,0.62696,14.21728,0.97207,1,0,0.00000,5,3.88501,1,3.78933,1,0.00000,0,0,0,0,0,0,1,1,0,0.00000,0,AOI 72-AOI 72,50.01786,187.46873,0,
7,TIMES_OF_MALTA_15_03_24_A.png,514,8.44434,90672065971,0.54146,0.34534,8.16504,0.27930,20,1,0.56228,0.12650,1,1.57292,0.30370,0,,0.20161,0.61860,14.20112,0.98038,1,0.56014,0.61442,14.16928,0.97096,1,0,0.00000,5,3.91606,1,3.72357,1,0.00000,0,0,0,0,0,0,1,1,0,0.00000,0,,298.62973,98.93989,0,
7,TIMES_OF_MALTA_15_03_24_A.png,576,9.46289,90682249599,0.55585,0.12665,8.52637,0.93652,21,1,0.57818,0.15383,1,1.57292,0.30370,0,,0.20011,0.62384,16.12001,0.98979,1,0.56065,0.61968,15.55123,0.98979,1,0,0.00000,5,4.55931,1,4.68891,1,0.00000,0,0,0,0,0,0,1,1,0,0.00000,0,AOI 64-AOI 64,237.79573,83.32787,0,
7,TIMES_OF_MALTA_15_03_24_A.png,602,9.90625,90686681709,0.61419,0.17530,9.49512,0.41113,22,1,0.67852,0.33455,1,1.57292,0.30370,0,,0.20469,0.62396,15.18791,0.98018,1,0.56487,0.62031,14.88420,0.98018,1,0,0.00000,5,4.20785,1,4.03378,1,0.00000,0,0,0,0,0,0,1,1,0,0.00000,0,AOI 66-AOI 66,123.72350,334.87006,0,
7,TIMES_OF_MALTA_15_03_24_A.png,611,10.03906,90688010519,0.65980,0.42173,9.97168,0.06738,23,1,0.66673,0.40808,1,1.57292,0.30370,0,,0.20535,0.63267,16.30122,1.00505,1,0.56522,0.62841,15.21339,1.01447,1,0,0.00000,5,3.89722,1,4.10304,1,0.00000,0,0,0,0,0,0,1,1,0,0.00000,0,AOI 67-AOI 67,280.18134,288.21310,0,
3,LOVIN_MALTA_04_03_24_A.png,9,0.14844,90689802180,0.67292,0.48992,0.00000,0.14844,1,1,0.70455,0.78107,1,1.57292,0.30370,0,,0.20781,0.64422,14.45386,0.95213,1,0.56644,0.63942,15.02962,0.96155,1,0,0.00000,5,3.78948,1,3.81773,1,0.00000,0,0,0,0,0,0,1,1,0,0.00000,0,AOI 187,77.83421,288.88324,0,
3,LOVIN_MALTA_04_03_24_A.png,27,0.44336,90692759284,0.65605,0.68040,0.21387,0.22949,2,1,0.39015,0.45739,1,1.57292,0.30370,0,,0.18966,0.63605,14.43281,1.00115,1,0.54819,0.63137,15.25641,1.01228,1,0,0.00000,5,3.63515,1,3.63442,1,0.00000,0,0,0,0,0,0,1,1,0,0.00000,0,AOI 188,208.25275,261.05225,0,
3,LOVIN_MALTA_04_03_24_A.png,45,0.72363,90695555650,0.35186,0.36372,0.50977,0.21387,3,1,0.30921,0.19238,1,1.57292,0.30370,0,,0.18316,0.62477,12.93104,0.98038,1,0.54278,0.62041,13.55719,0.98979,1,0,0.00000,5,3.44266,1,3.45858,1,0.00000,0,0,0,0,0,0,1,1,0,0.00000,0,AOI 185,676.81781,149.64693,0,
3,LOVIN_MALTA_04_03_24_A.png,69,1.13379,90699659348,0.28555,0.38912,0.85449,0.27930,4,1,0.26936,0.42763,1,1.57292,0.30370,0,,0.17790,0.63421,15.53925,0.91985,1,0.53776,0.62840,14.77717,0.91985,1,0,0.00000,5,4.24577,1,4.03529,1,0.00000,0,0,0,0,0,0,1,1,0,0.00000,0,AOI 185,130.23698,192.15936,0,
3,LOVIN_MALTA_04_03_24_A.png,92,1.51172,90703436823,0.32033,0.42136,1.13379,0.37793,5,1,0.37452,0.42684,1,1.57292,0.30370,0,,0.18430,0.63415,15.89784,0.93465,1,0.54409,0.62805,16.08152,0.93465,1,0,0.00000,5,4.01653,1,3.98286,1,0.00000,0,0,0,0,0,0,1,1,0,0.00000,0,AOI 185,75.31017,332.46155,0,
3,LOVIN_MALTA_04_03_24_A.png,111,1.82422,90706560188,0.33505,0.40088,1.52832,0.29590,6,1,0.26203,0.47348,1,1.57292,0.30370,0,,0.17787,0.63725,16.22124,0.96155,1,0.53782,0.63102,15.77469,0.94406,1,0,0.00000,5,4.15214,1,3.96553,1,0.00000,0,0,0,0,0,0,1,1,0,0.00000,0,AOI 185,35.88851,38.04703,0,
3,LOVIN_MALTA_04_03_24_A.png,134,2.20117,90710337440,0.28374,0.46646,1.82422,0.37695,7,1,0.32601,0.47190,1,1.57292,0.30370,0,,0.18060,0.63619,16.16871,0.91985,1,0.54099,0.62997,15.45572,0.91985,1,0,0.00000,5,4.12669,1,3.95108,1,0.00000,0,0,0,0,0,0,1,1,0,0.00000,0,AOI 185,121.33264,215.71384,0,
3,LOVIN_MALTA_04_03_24_A.png,151,2.48047,90713130256,0.36969,0.42492,2.21777,0.26270,8,1,0.39892,0.44790,1,1.57292,0.30370,0,,0.18622,0.63599,16.29255,0.93290,1,0.54684,0.62981,16.32006,0.93290,1,0,0.00000,5,4.06718,1,3.87021,1,0.00000,0,0,0,0,0,0,1,1,0,0.00000,0,AOI 185,171.01350,15.20878,0,
3,LOVIN_MALTA_04_03_24_A.png,156,2.56348,90713952256,0.40552,0.45515,2.49707,0.06641,9,1,0.41260,0.47558,0,1.57292,0.30370,0,,0.18681,0.63935,13.24752,0.91367,0,0.54592,0.63140,14.18180,0.91367,0,1026,0.00000,5,3.52038,0,3.68491,0,0.00000,0,0,0,0,0,0,1,1,0,0.00000,0,AOI 185,76.14772,334.61169,0,
3,LOVIN_MALTA_04_03_24_A.png,184,3.02344,90718553169,0.30003,0.50016,2.72754,0.29590,10,1,0.34031,0.50330,1,1.57292,0.30370,0,,0.18154,0.63709,15.83694,0.91367,1,0.54209,0.63132,15.91973,0.91367,1,0,0.00000,6,4.06978,1,3.83721,1,0.00000,0,0,0,0,0,0,1,1,0,0.00000,0,AOI 185,208.29253,193.49599,0,
3,LOVIN_MALTA_04_03_24_A.png,216,3.54883,90723811066,0.34990,0.47180,3.03906,0.50977,11,1,0.24042,0.44702,1,1.57292,0.30370,0,,0.17754,0.64187,15.63179,1.03823,1,0.53757,0.63531,15.07884,1.04765,1,0,0.00000,5,4.25506,1,3.89322,1,0.00000,0,0,0,0,0,0,1,1,0,0.00000,0,AOI 185,100.52987,17.73852,0,
3,LOVIN_MALTA_04_03_24_A.png,236,3.87695,90727095525,0.26167,0.53238,3.56543,0.31152,12,1,0.25976,0.74823,1,1.57292,0.30370,0,,0.17605,0.64951,14.86738,0.98018,1,0.53524,0.64316,14.72212,0.98018,1,0,0.00000,5,4.32592,1,3.54102,1,0.00000,0,0,0,0,0,0,1,1,0,0.00000,0,AOI 185,181.59714,201.11758,0,
3,LOVIN_MALTA_04_03_24_A.png,265,4.37012,90732024280,0.23499,0.75563,3.94336,0.42676,13,1,0.26386,0.78458,1,1.57292,0.30370,0,,0.17567,0.65175,13.25011,0.91367,1,0.53528,0.64531,13.36966,0.91367,1,0,0.00000,5,3.84905,1,3.16892,1,0.00000,0,0,0,0,0,0,1,1,0,0.00000,0,AOI 193,246.49162,258.00543,0,
3,LOVIN_MALTA_04_03_24_A.png,284,4.68262,90735145660,0.26660,0.73602,4.38672,0.29590,14,1,0.30904,0.76231,1,1.57292,0.30370,0,,0.17739,0.65143,12.25457,0.94383,1,0.53749,0.64604,11.77614,0.93270,1,0,0.00000,5,3.38504,1,3.00625,1,0.00000,0,0,0,0,0,0,1,1,0,0.00000,0,AOI 190,64.28038,19.23697,0,
3,LOVIN_MALTA_04_03_24_A.png,307,5.06055,90738924477,0.30681,0.72032,4.69824,0.36230,15,1,0.30896,0.75142,1,1.57292,0.30370,0,,0.18000,0.65223,12.46110,0.98979,1,0.53988,0.64578,11.11680,0.98979,1,0,0.00000,5,3.15653,1,3.06551,1,0.00000,0,0,0,0,0,0,1,1,0,0.00000,0,AOI 190,79.04328,12.38714,0,
3,LOVIN_MALTA_04_03_24_A.png,321,5.27441,90741065683,0.33675,0.63231,5.07715,0.19727,16,1,0.35235,0.58568,1,1.57292,0.30370,0,,0.18225,0.64599,12.02703,0.98979,1,0.54081,0.64014,10.43421,0.98979,1,0,0.00000,5,3.58043,1,3.27991,1,0.00000,0,0,0,0,0,0,1,1,0,0.00000,0,AOI 190,111.08175,58.83530,0,
3,LOVIN_MALTA_04_03_24_A.png,341,5.61914,90744509156,0.38045,0.61702,5.30664,0.31250,17,1,0.47280,0.68145,1,1.57292,0.30370,0,,0.18636,0.64976,11.58008,0.98979,1,0.54282,0.64404,7.17505,0.98979,0,0,0.00000,5,3.11462,1,3.03194,0,0.00000,0,0,0,0,0,0,1,1,0,0.00000,0,AOI 190,85.51353,11.13411,0,
3,LOVIN_MALTA_04_03_24_A.png,347,5.71680,90745495047,0.43569,0.66389,5.63477,0.08203,18,1,0.44735,0.68245,0,1.57292,0.30370,0,,0.18534,0.64991,11.44188,0.98979,0,0.54282,0.64404,7.17505,0.98979,0,1027,0.00000,5,3.01121,0,3.03194,0,0.00000,0,0,0,0,0,0,1,1,0,0.00000,0,AOI 191,117.52122,334.48627,0,
3,LOVIN_MALTA_04_03_24_A.png,371,6.11133,90749437243,0.44044,0.71530,5.83203,0.27930,19,1,0.51157,0.74146,1,1.57292,0.30370,0,,0.18649,0.65368,10.53796,0.98017,1,0.54221,0.64676,6.81850,0.97076,0,0,0.00000,6,3.07223,1,3.04166,0,0.00000,0,0,0,0,0,0,1,1,0,0.00000,0,AOI 191,56.26685,279.32791,0,
3,LOVIN_MALTA_04_03_24_A.png,386,6.35840,90751902047,0.52456,0.67392,6.12793,0.23047,20,1,0.54476,0.60371,1,1.57292,0.30370,0,,0.18828,0.64672,12.23944,0.92328,1,0.54221,0.64676,6.81850,0.93270,0,0,0.00000,6,3.18310,1,3.04166,0,0.00000,0,0,0,0,0,0,1,1,0,0.00000,0,AOI 191,167.57936,15.46695,0,
3,LOVIN_MALTA_04_03_24_A.png,403,6.63770,90754695071,0.62507,0.42368,6.42383,0.21387,21,1,0.65152,0.16059,1,1.57292,0.30370,0,,0.19696,0.62995,12.28751,0.98979,1,0.55636,0.62313,11.33878,0.98979,1,0,0.00000,6,3.38577,1,3.07409,1,0.00000,0,0,0,0,0,0,1,1,0,0.00000,0,AOI 186-AOI 187,332.08585,54.47117,0,
3,LOVIN_MALTA_04_03_24_A.png,432,7.11426,90759460262,0.67336,0.21475,6.70312,0.41113,22,1,0.64025,0.27942,1,1.57292,0.30370,0,,0.19373,0.63572,14.33351,0.98979,1,0.55549,0.62659,12.51453,0.98979,1,0,0.00000,6,4.07496,1,3.16776,1,0.00000,0,0,0,0,0,0,1,1,0,0.00000,0,AOI 192,243.95039,67.66235,0,
3,LOVIN_MALTA_04_03_24_A.png,448,7.37695,90762089659,0.68345,0.21910,7.12988,0.24707,23,1,0.70037,0.24392,1,1.57292,0.30370,0,,0.19988,0.63231,15.36724,0.97573,1,0.56087,0.62476,14.14686,0.95519,1,0,0.00000,6,4.29506,1,3.64919,1,0.00000,0,0,0,0,0,0,1,1,0,0.00000,0,AOI 192,19.93431,346.36868,0,
3,LOVIN_MALTA_04_03_24_A.png,475,7.83691,90766688243,0.70035,0.20577,7.39355,0.44336,24,1,0.68932,0.21384,1,1.57292,0.30370,0,,0.19787,0.63358,15.24126,0.98979,1,0.55875,0.62481,13.85854,0.98979,1,0,0.00000,6,4.27799,1,3.60412,1,0.00000,0,0,0,0,0,0,1,1,0,0.00000,0,AOI 192,35.49829,23.92570,0,
3,LOVIN_MALTA_04_03_24_A.png,544,8.96973,90778023258,0.70176,0.26867,7.85352,1.11621,25,1,0.68621,0.33598,1,1.57292,0.30370,0,,0.19623,0.63713,15.82199,0.98017,1,0.55767,0.63115,14.61596,0.97076,1,0,0.00000,6,4.37973,1,3.98775,1,0.00000,0,0,0,0,0,0,1,1,0,0.00000,0,,67.98592,272.28207,0,
3,LOVIN_MALTA_04_03_24_A.png,581,9.57812,90784103652,0.68402,0.31416,8.98633,0.59180,26,1,0.62078,0.33330,1,1.57292,0.30370,0,,0.19396,0.63660,15.47820,0.94231,1,0.55540,0.62846,13.94182,0.95173,1,0,0.00000,6,4.23486,1,3.54174,1,0.00000,0,0,0,0,0,0,1,1,0,0.00000,0,AOI 186,59.78138,235.26680,0,
3,LOVIN_MALTA_04_03_24_A.png,607,10.00488,90788374335,0.63243,0.29215,9.59473,0.41016,27,1,0.65932,0.20261,1,1.57292,0.30370,0,,0.19397,0.63526,15.37915,0.98979,1,0.55506,0.62618,14.02567,0.98979,1,0,0.00000,6,4.45393,1,3.69930,1,0.00000,0,0,0,0,0,0,1,1,0,0.00000,0,AOI 186,101.86508,166.50529,0,
3,LOVIN_MALTA_04_03_24_A.png,614,10.12012,90789522827,0.66200,0.16393,10.02148,0.09863,28,1,0.67223,0.09714,1,1.57292,0.30370,0,,0.19368,0.63513,15.25734,1.07975,1,0.55560,0.62635,13.82180,1.07975,1,0,0.00000,6,4.33314,1,3.72412,1,0.00000,0,0,0,0,0,0,1,1,0,0.00000,0,,149.66422,67.70687,0,